,source,word,freq_lcnl,aoa_mean,aoa_sd,tasa_1,tasa_2,tasa_3
4420,3k,mom,67,2.22,1.22,725,375,184
8541,3k,yes,103,2.310598,1.68,1002,601,456
4752,3k,ouch,3,2.417168,1.34,14,6,4
8234,3k,wet,37,2.47,1.35,218,127,106
6816,3k,spoon,14,2.5,0.79,19,12,12
4553,3k,nap,23,2.53,0.77,54,22,8
1593,3k,dad,49,2.58,1.17,731,292,173
3396,3k,hug,45,2.58,0.96,48,23,9
6189,3k,shoe,37,2.6,1.19,45,34,27
1372,3k,count,17,2.61,0.98,92,57,57
4534,lcnl,my,1152,2.715564,1.44,4702,3178,2715
4636,3k,no,534,2.715564,1.94,2612,2188,2165
3107,3k,hand,65,2.74,1.24,434,501,519
1530,3k,cry,44,2.78,1.66,187,147,89
2026,3k,eat,150,2.78,1.48,1051,585,499
6544,3k,snack,13,2.78,1.22,13,13,6
128,3k,bad,78,2.79,1.27,421,301,236
6409,3k,sleep,113,2.79,1.03,477,288,213
1786,3k,dog,211,2.8,1.2,1241,566,397
3627,3k,jump,31,2.84,1.3,406,110,71
87,3k,ask,65,2.89,1.37,339,309,266
264,3k,bed,165,2.89,1.41,675,405,316
330,3k,big,383,2.89,1.08,2826,1342,969
7079,3k,stop,114,2.89,1.6,800,408,348
2,lcnl,a,4838,2.893384,1.21,21811,19884,23168
156,3k,ball,70,2.9,1.22,587,304,248
7954,lcnl,up,886,2.918047,1.68,4654,3827,3805
6632,3k,sock,2,2.94,1.39,13,13,3
4663,3k,nose,84,2.95,1.15,181,123,123
3936,3k,leg,25,3,1.5,118,114,83
4579,3k,neck,19,3,1.25,65,87,85
7664,3k,toe,13,3,1.08,7,13,12
7739,3k,toy,45,3,1.15,105,48,27
1812,3k,door,155,3.05,1.15,818,782,668
2413,3k,fly,85,3.05,1.18,396,182,110
6015,3k,see,382,3.06,1.43,3548,2167,2099
1228,lcnl,clothes,50,3.11,1.41,155,192,179
4223,3k,man,185,3.11,1.24,1981,1314,977
3839,3k,lap,6,3.15,1.18,23,39,29
3375,3k,house,310,3.16,1.07,1821,1217,1032
2690,3k,get,331,3.17,1.29,3482,2259,1973
3090,3k,hair,68,3.17,1.76,214,246,228
6623,3k,soap,10,3.17,1.1,35,25,24
5654,3k,rock,49,3.22,1.17,287,163,140
6502,3k,small,126,3.22,1.52,452,546,623
4625,3k,nine,38,3.2271,1.3,53,60,57
4736,3k,one,682,3.2271,1.31,3476,3331,3711
4817,3k,pants,17,3.2271,1.75,54,29,27
222,3k,bath,32,3.23,1.56,26,31,24
5774,3k,sad,60,3.24,2.21,274,147,84
2249,3k,fire,74,3.25,1.16,290,394,318
2441,3k,food,69,3.25,1.21,454,529,663
75,3k,arm,13,3.26,1.56,180,189,161
850,3k,cake,50,3.26,2.28,259,68,40
1920,3k,drop,7,3.26,1.33,63,59,47
4746,lcnl,orange,31,3.26,1.15,49,49,41
2177,3k,fell,83,3.280385,1.2,294,238,186
4290,3k,me,757,3.280385,1.5,4027,2813,2606
4758,3k,out,694,3.280385,1.56,3825,3455,3520
1308,3k,come,287,3.32,1.42,2052,1374,1231
3138,3k,hat,120,3.33,1.14,369,140,97
885,3k,car,122,3.37,1.95,741,492,370
2808,3k,go,547,3.37,1.46,3313,2054,1710
3368,3k,hot,75,3.37,1.77,449,281,252
4352,3k,milk,57,3.37,1.42,162,153,127
1134,3k,clap,14,3.4,1.73,26,5,8
7229,3k,sun,95,3.4,1.64,573,430,418
250,3k,bean,6,3.42,1.12,21,24,17
3168,3k,head,145,3.42,1.02,643,698,703
5830,3k,say,212,3.42,1.07,955,862,805
3263,3k,him,555,3.429583,1.21,2780,2891,3176
950,3k,chair,24,3.43,1.33,108,130,133
2446,3k,foot,38,3.44,1.38,152,134,140
7858,3k,try,78,3.44,2.15,370,362,347
2084,lcnl,eyes,111,3.443482,1.36,487,652,712
8110,3k,walk,79,3.45,2.04,485,351,281
1901,3k,drink,29,3.47,1.31,181,126,96
3259,3k,hill,66,3.47,1.47,252,182,134
6296,3k,sing,55,3.47,1.31,126,71,58
6315,3k,sit,73,3.47,2.25,376,230,166
5056,3k,please,135,3.482868,1.22,286,207,159
1647,lcnl,day,376,3.5,1.58,1977,1582,1439
1952,3k,duck,72,3.5,1.64,390,50,20
6515,3k,smile,26,3.51,1.72,104,118,100
350,3k,bird,112,3.52,1.66,540,167,118
463,3k,blue,144,3.53,1.68,369,202,216
6178,3k,shirt,15,3.53,1.12,61,64,51
7478,lcnl,thanks,17,3.53,1.35,85,70,47
8406,lcnl,woof,33,3.53,1.87,30,6,0
2829,3k,good,366,3.55,1.61,1989,1342,1322
4193,3k,mad,16,3.55,1.5,154,93,59
368,3k,black,98,3.56,1.92,261,293,309
4583,3k,need,64,3.56,1.34,733,546,562
6727,3k,speak,22,3.56,1.38,50,107,132
6113,3k,she,1446,3.568124,1.39,8129,7181,6654
1552,3k,cup,36,3.57,1.99,41,55,43
2524,3k,friend,105,3.57,1.43,427,343,276
7780,3k,tree,206,3.57,1.61,807,501,358
7446,3k,ten,50,3.578781,1.49,200,184,168
252,3k,bear,197,3.58,1.68,902,320,165
359,3k,bite,24,3.58,1.3,54,46,43
639,3k,bread,58,3.58,1.61,142,102,83
1268,3k,coat,25,3.58,1.22,120,82,83
3684,3k,key,14,3.58,1.54,115,65,46
4483,3k,mouth,65,3.58,1.43,127,178,195
1770,3k,do,693,3.6,1.6,4560,3284,3113
5445,3k,rain,83,3.6,1.27,361,227,185
3721,3k,kiss,45,3.61,2.25,23,13,10
4147,3k,lunch,50,3.61,1.69,407,167,91
4618,3k,night,274,3.61,1.88,716,718,653
7700,3k,tooth,18,3.61,1.09,63,59,23
1231,3k,cloud,12,3.63,1.57,94,47,30
2014,3k,ear,32,3.63,1.92,28,74,70
2460,3k,fork,5,3.63,1.86,13,13,10
2559,3k,fruit,16,3.63,1.71,32,48,50
3215,3k,help,153,3.65,1.79,1631,917,754
582,3k,boy,129,3.67,1.88,952,675,614
2580,3k,fun,79,3.67,0.97,629,241,159
4960,3k,pie,41,3.67,1.64,31,22,20
6780,3k,splash,24,3.67,2.35,36,21,10
7024,lcnl,steps,9,3.67,1.41,139,162,131
529,3k,book,82,3.68,1.8,641,317,309
914,3k,cat,245,3.68,1.52,904,215,162
1793,3k,doll,2,3.68,1.34,61,30,27
4549,3k,name,112,3.68,1.53,635,533,469
5518,3k,red,181,3.68,1.63,892,372,316
7365,3k,talk,44,3.68,1.73,460,372,300
3276,3k,his,1313,3.685351,1.29,5402,6097,6917
3468,lcnl,in,2111,3.685351,1.86,10423,11031,14289
3983,3k,like,572,3.685351,1.89,3487,2649,2660
7545,3k,three,155,3.685351,1.5,578,532,576
7353,3k,tail,50,3.7,1.13,177,184,127
1238,3k,clown,12,3.72,1.93,41,20,10
3154,3k,have,638,3.72,1.96,4736,3798,4251
4731,3k,old,326,3.72,1.36,1100,1121,1050
5345,3k,put,206,3.72,2.3,1936,1267,973
5580,3k,rice,13,3.72,1.41,19,37,31
6676,3k,sound,59,3.72,1.53,208,338,343
820,3k,butt,5,3.73,1.86,0,3,3
78,lcnl,arms,28,3.738636,2.14,110,150,166
2135,3k,fast,111,3.738636,1.33,610,347,221
3231,3k,here,282,3.738636,1.94,2267,1324,1140
1366,3k,couch,2,3.74,1.85,1,12,11
1626,3k,dark,83,3.74,1.37,324,340,310
2082,lcnl,eye,23,3.75,1.71,49,118,131
2089,3k,face,61,3.75,2.2,376,435,483
3969,3k,lie,14,3.75,0.91,35,57,55
8618,3k,zoo,25,3.75,1.12,88,40,26
741,3k,brush,29,3.78,1.59,68,39,45
6651,3k,son,18,3.78,1.26,124,144,162
525,3k,boo,4,3.781264,2.29,15,8,0
4450,3k,more,260,3.781264,2.04,902,1159,1474
759,3k,bug,6,3.79,1.72,107,26,9
2919,3k,green,141,3.79,1.32,523,276,236
3870,3k,laugh,14,3.79,1.51,163,126,78
4010,3k,lip,4,3.79,1.13,4,11,13
5855,lcnl,scared,25,3.79,1.47,141,118,73
7476,3k,thank,76,3.79,1.72,248,115,73
7841,3k,truck,119,3.79,1.47,308,158,85
8113,3k,wall,27,3.79,1.75,109,160,170
8376,3k,wish,84,3.79,0.92,366,200,145
100,3k,aunt,11,3.8,1.61,147,179,144
3178,3k,hear,115,3.8,1.64,482,457,373
4990,3k,pink,31,3.8,1.61,20,43,40
3166,lcnl,he,2627,3.813235,1.41,14660,13284,13114
8307,3k,who,337,3.813235,1.41,1086,1133,1457
1756,3k,dirt,24,3.83,1.15,103,81,66
8532,3k,yell,10,3.83,1.5,39,26,18
4720,3k,off,225,3.834549,2.09,862,1001,1023
487,3k,boat,47,3.84,1.46,379,207,132
4969,3k,pig,57,3.84,2.03,310,97,46
5045,3k,plate,19,3.84,1.26,16,50,25
6765,3k,spill,1,3.84,1.64,5,5,4
6940,3k,stair,3,3.84,1.61,2,2,2
809,3k,bus,96,3.85,1.57,349,228,132
2130,3k,farm,15,3.85,1.5,161,138,122
8246,3k,what,679,3.855863,1.37,4928,3885,3879
3450,3k,ice,51,3.86,1.06,127,156,160
3695,lcnl,kids,32,3.861149,1.2,211,178,152
3323,3k,home,268,3.86652,1.88,1677,1094,939
4668,3k,not,830,3.887834,2.22,5662,3814,4116
288,3k,bell,48,3.89,1.68,248,108,80
1155,3k,clean,41,3.89,1.49,258,163,134
1428,3k,crawl,6,3.89,1.23,17,12,16
2043,3k,egg,38,3.89,1.85,133,90,53
5881,3k,school,127,3.89,1.37,1065,866,777
6964,3k,star,36,3.89,1.59,85,93,80
7032,3k,stick,37,3.89,1.57,163,128,112
7703,3k,top,104,3.89,1.53,394,368,326
8357,3k,wind,68,3.89,1.37,317,238,246
8420,3k,worm,4,3.89,1.37,40,19,12
34,3k,air,71,3.94,1.55,314,415,516
1384,3k,cow,59,3.94,1.63,154,66,48
2896,3k,grass,66,3.94,1.55,232,186,175
8507,3k,yard,21,3.94,1.7,134,140,105
1298,3k,cold,86,3.95,1.79,394,322,365
4608,3k,nice,85,3.95,1.51,333,232,170
4865,3k,pea,15,3.95,1.68,15,10,6
5039,3k,plant,3,3.95,1.65,216,124,108
6206,unl,shorts,7,3.95,1.13,6,3,4
6637,3k,soft,40,3.95,1.5,107,126,138
7864,3k,tub,5,3.95,1.64,31,10,18
7657,lcnl,to,3956,3.951776,1.39,24061,22273,24829
8325,3k,why,157,3.97309,2.11,1218,1084,927
7485,3k,the,9565,3.983747,2.33,50950,48534,57939
458,3k,blow,23,4,1.76,110,61,49
2725,3k,girl,80,4,1.89,643,401,356
3431,3k,hurt,22,4,1.45,213,214,160
3826,3k,lamp,5,4,2.08,18,26,28
4296,3k,mean,43,4,1.68,330,377,282
4315,cdi,meow,14,4,2.5,5,5,1
4874,3k,pear,3,4,1.7,0,1,2
6529,3k,smoke,16,4,1.5,52,101,91
7754,3k,train,155,4,1.71,222,127,95
8150,3k,wash,25,4,1.59,63,58,53
4734,lcnl,on,1441,4.005061,1.28,6973,6540,7316
93,lcnl,at,799,4.037032,1.37,5635,5090,5491
1017,3k,chew,15,4.05,1.51,7,11,12
1891,3k,dress,26,4.05,1.61,70,67,71
2259,3k,fish,115,4.05,1.61,908,366,237
3981,3k,light,61,4.05,1.99,356,353,454
4077,3k,look,223,4.05,1.68,2541,1488,1416
4498,3k,mud,20,4.05,1.61,81,86,61
4934,3k,pet,26,4.05,1.87,277,106,62
6263,3k,sick,27,4.05,2.09,232,170,145
3690,3k,kick,4,4.06,1.73,20,19,20
8300,3k,white,89,4.06,1.66,360,377,403
312,3k,best,105,4.090317,1.66,395,372,339
8263,3k,where,309,4.090317,2.06,1477,1177,1308
3104,3k,ham,13,4.1,1.48,47,14,9
5049,3k,play,126,4.1,2.59,1169,470,322
8570,3k,your,510,4.100974,1.92,2554,2406,2815
649,3k,breathe,1,4.11,1.88,30,37,39
1871,3k,draw,13,4.11,1.13,134,69,72
1946,3k,dry,26,4.11,1.33,137,133,170
3060,3k,guy,10,4.11,1.91,25,51,38
4950,3k,phone,13,4.11,1.49,90,90,69
5502,3k,read,86,4.11,1.68,529,494,520
5685,lcnl,rooms,3,4.11,1.56,41,40,39
6607,3k,snow,124,4.11,2.31,236,211,229
6881,3k,square,38,4.11,1.18,16,31,48
7020,3k,step,34,4.11,1.37,80,80,71
7719,3k,toss,2,4.11,1.45,9,4,9
7891,3k,turn,67,4.11,1.73,224,294,307
7573,3k,throw,26,4.14,1.46,84,77,72
4745,lcnl,or,311,4.143602,1.25,931,1553,2536
3361,3k,horse,37,4.15,1.46,246,233,232
3755,3k,knife,6,4.15,1.8,20,46,42
3821,3k,lamb,8,4.15,1.81,24,16,14
6474,3k,slow,65,4.15,1.76,105,81,77
7306,3k,swing,14,4.16,2.03,19,24,22
8128,3k,want,169,4.16,2.32,2034,1248,985
1292,3k,coin,4,4.17,1.25,8,10,10
2166,3k,feed,13,4.17,1.58,86,75,65
6369,3k,sky,104,4.17,1.89,404,254,205
6572,lcnl,sneeze,24,4.17,1.58,2,2,3
7303,3k,swim,22,4.17,1.72,237,115,75
7962,lcnl,us,177,4.18623,2.07,997,883,909
1727,3k,dig,33,4.19,2.34,108,52,45
728,3k,brown,77,4.196887,1.31,264,162,151
5941,3k,scream,8,4.2,1.58,11,20,16
7287,3k,sweep,5,4.2,1.61,1,8,13
295,3k,bench,1,4.21,1.81,55,30,29
4867,3k,peach,8,4.21,1.27,7,15,8
1037,3k,chin,16,4.22,4.1,26,24,28
1322,3k,cook,15,4.22,1.31,161,76,53
5555,3k,rest,49,4.22,2.53,199,221,235
5683,3k,room,97,4.22,1.44,849,710,718
5854,3k,scare,4,4.22,1.26,35,21,10
6511,3k,smell,36,4.22,1.44,112,113,94
6941,lcnl,stairs,36,4.22,1.86,93,95,75
6988,3k,stay,36,4.22,2.21,438,348,301
7115,3k,straw,11,4.22,1.26,38,47,35
7811,3k,trip,22,4.22,1.9,117,120,120
8353,3k,win,13,4.22,1.31,138,88,65
8476,3k,wrong,32,4.22,1.48,158,191,168
45,3k,all,1080,4.239515,1.4,3931,3788,3965
4072,3k,long,229,4.239515,1.83,966,1098,1146
4367,3k,mine,39,4.239515,2.42,116,104,93
7936,3k,two,236,4.239515,2.06,1053,1180,1369
8261,3k,when,675,4.239515,1.8,2676,3114,3651
2576,3k,full,71,4.24,1.61,92,167,192
6130,3k,sheep,62,4.25,1.52,192,84,76
575,3k,bowl,14,4.26,2.28,59,64,38
963,3k,change,21,4.26,1.66,137,214,217
1579,3k,cute,6,4.26,1.45,6,18,11
2624,3k,game,18,4.26,1.82,337,201,161
4788,3k,pain,4,4.26,1.52,31,52,57
5342,3k,push,13,4.26,1.85,91,84,58
6306,3k,sip,2,4.26,1.37,5,2,3
6652,3k,song,53,4.26,1.73,58,56,52
7399,3k,taste,22,4.26,1.76,42,39,50
7440,3k,tell,156,4.26,2.05,1243,1107,962
8163,3k,wave,7,4.26,1.59,16,27,35
131,3k,bag,38,4.28,1.56,252,170,124
404,3k,bleed,1,4.28,1.56,1,1,1
2065,3k,end,93,4.28,2.61,296,327,384
2733,3k,give,103,4.28,1.93,570,523,477
3693,3k,kid,19,4.28,1.56,107,109,74
4324,3k,mess,19,4.28,1.45,72,45,23
580,3k,box,86,4.3,1.66,653,267,174
2777,3k,glove,4,4.3,1.63,6,14,7
3964,3k,lick,4,4.3,1.53,14,10,7
8098,3k,wait,78,4.3,1.89,424,321,203
59,3k,ant,2,4.32,1.57,114,27,13
869,3k,can,507,4.32,2.26,5068,2608,2656
1368,3k,cough,4,4.32,2.11,1,4,7
2543,3k,frog,117,4.32,1.45,876,101,28
6205,3k,short,27,4.32,1.73,94,142,164
6278,3k,sign,28,4.32,1.45,247,133,120
7092,3k,stove,3,4.32,1.86,25,37,48
1005,3k,cheese,37,4.33,1.75,32,31,32
1826,lcnl,dot,23,4.33,1.41,59,12,7
8157,3k,watch,57,4.33,1.61,284,294,258
2817,3k,god,25,4.346085,2.38,27,47,58
3858,3k,last,119,4.346085,1.83,632,675,653
4185,lcnl,ma,48,4.346085,2.74,15,80,84
4605,3k,next,144,4.346085,1.86,972,841,688
4755,3k,our,209,4.346085,1.53,621,709,909
5598,3k,right,257,4.346085,1.59,1499,1410,1229
8565,3k,you,2280,4.346085,1.88,15472,11867,12090
777,3k,bump,40,4.35,1.6,67,41,14
7606,cdi,tickle,29,4.35,2.6,10,3,1
6974,3k,start,33,4.37,1.74,227,208,210
7359,3k,take,164,4.37,1.89,1347,1036,1013
19,3k,age,1,4.38,1.36,29,62,91
2255,3k,first,138,4.388713,1.31,745,994,1181
2451,3k,for,1177,4.388713,1.97,5851,5615,6423
3233,3k,hers,1,4.388713,1.48,10,15,12
3117,3k,hard,76,4.39,2.15,573,581,543
6959,3k,stand,41,4.39,1.79,228,198,201
3484,lcnl,it,1687,4.39937,1.95,12605,11006,11906
3624,3k,juice,11,4.4,2.21,13,29,33
8251,3k,wheel,8,4.4,2.09,37,67,80
692,3k,bring,34,4.42,2.46,171,175,190
1207,3k,clock,16,4.42,1.46,112,67,60
3663,3k,keep,67,4.42,2.04,496,530,579
3745,3k,knee,8,4.42,2.52,14,23,24
4009,cdi,lion,54,4.42,1.74,225,109,74
4299,3k,meat,11,4.42,1.57,50,93,103
5380,3k,queen,29,4.42,1.57,66,58,51
7385,3k,tape,1,4.42,1.43,51,27,15
7587,3k,thumb,18,4.42,2.36,15,19,13
7856,3k,truth,10,4.42,2.06,20,41,42
8412,3k,word,25,4.42,1.74,228,276,311
1578,3k,cut,32,4.43,1.72,316,241,205
2373,3k,floor,56,4.44,1.98,246,227,250
3908,3k,learn,15,4.44,1.42,192,256,269
6914,cdi,squirrel,6,4.44,1.92,105,34,19
7069,3k,stone,19,4.44,1.2,115,110,115
2545,3k,from,370,4.441998,2.24,2044,2639,3623
3433,3k,hush,20,4.441998,1.88,6,13,8
8382,3k,with,1127,4.441998,1.59,4181,4111,5084
762,3k,build,28,4.45,1.57,41,100,96
4792,3k,paint,15,4.45,1.32,225,66,54
954,3k,chalk,5,4.47,1.17,6,7,11
2745,3k,glass,19,4.47,1.65,97,111,115
3251,3k,hide,24,4.47,2.14,178,83,68
4825,3k,park,20,4.47,1.87,231,126,104
5667,3k,roll,11,4.47,2.12,71,59,47
5745,3k,run,100,4.47,1.9,734,399,322
6092,3k,shape,6,4.47,1.87,53,75,86
6301,3k,sink,9,4.47,2.04,29,32,28
7689,3k,tongue,14,4.47,2.87,21,38,44
7770,3k,trash,19,4.47,1.78,16,17,21
6350,3k,skin,7,4.48,1.69,62,75,90
5157,3k,pop,29,4.484626,1.59,38,40,23
7913,3k,twelve,9,4.484626,1.1,24,41,57
190,3k,barn,20,4.5,1.62,50,81,79
1221,3k,close,38,4.5,1.82,206,269,251
1973,3k,dumb,5,4.5,1.5,28,27,21
3773,3k,know,257,4.5,2.12,2010,1924,1730
4646,3k,noise,49,4.5,2.2,213,157,111
7963,3k,use,38,4.5,1.82,436,474,666
8392,3k,wolf,43,4.5,1.79,247,81,39
2269,3k,five,59,4.50594,1.36,168,226,224
8571,lcnl,yours,9,4.50594,2.12,48,60,48
2555,3k,frown,3,4.52,1.69,8,11,9
773,3k,bull,15,4.53,2.29,25,15,22
1722,3k,die,10,4.53,1.78,44,93,62
3953,3k,let,119,4.53,2.09,919,662,613
4981,3k,pin,8,4.53,1.39,22,10,15
5613,3k,ring,29,4.53,1.87,102,90,76
7289,3k,sweet,45,4.53,2.46,35,63,64
8083,3k,wag,1,4.53,1.9,3,3,1
4111,3k,loud,42,4.537911,1.51,123,140,108
4719,lcnl,of,2203,4.548568,2.36,8779,11938,17271
5118,3k,point,12,4.55,1.61,34,79,100
5634,3k,road,47,4.55,2.44,250,279,249
54,3k,and,6832,4.569882,1.94,17513,19697,24657
1326,3k,cool,14,4.58,2.32,60,93,113
2262,3k,fist,1,4.58,1.64,4,18,16
3254,3k,high,91,4.58,2.24,243,344,407
3724,3k,kite,10,4.58,1.64,127,32,25
4528,3k,must,148,4.58,2.36,818,792,834
6009,3k,seat,16,4.58,1.92,99,109,95
7126,3k,street,74,4.58,2.48,563,369,284
7164,3k,strong,32,4.58,1.87,130,158,191
7513,3k,thing,162,4.58,1.61,640,585,607
8403,3k,wood,31,4.58,2.04,137,128,128
4494,3k,much,138,4.580539,1.24,698,820,975
7519,3k,third,18,4.580539,1.93,53,98,105
3890,3k,leaf,11,4.6,2.37,30,30,24
817,3k,but,1097,4.601853,2.45,5172,4711,5113
4756,unl,ours,2,4.601853,2.05,8,14,14
4772,lcnl,pa,47,4.601853,2.82,30,73,91
915,3k,catch,53,4.61,2.07,187,192,146
1355,3k,corn,24,4.61,2.64,42,85,84
3818,3k,lake,5,4.61,1.72,202,129,112
5736,3k,rug,8,4.61,1.61,32,34,22
7778,3k,treat,8,4.61,2.03,6,19,18
8568,3k,young,44,4.61,1.5,157,297,401
4268,3k,mat,16,4.62,2.22,27,13,9
4486,3k,move,33,4.62,1.75,392,382,381
7651,lcnl,tired,77,4.62,2.58,225,208,163
1615,3k,dance,89,4.63,1.57,55,60,51
1940,3k,drum,16,4.63,2.19,21,12,19
3764,3k,knock,20,4.63,2.06,20,28,32
5803,3k,sand,26,4.63,2.31,135,105,112
8182,3k,wear,39,4.63,2.43,81,106,108
4201,3k,mail,18,4.65,2.01,69,37,29
6505,3k,smash,8,4.65,2.03,3,3,3
7149,unl,striped,10,4.65,2.03,9,8,6
8135,3k,warm,51,4.65,1.79,242,241,277
1313,3k,cone,5,4.67,2.57,14,10,9
2784,3k,glue,2,4.67,1.08,13,6,9
3316,3k,hold,47,4.67,2.89,175,214,212
5586,3k,ride,49,4.67,2.17,328,195,172
6388,3k,slap,2,4.67,2.3,5,2,6
7413,3k,teach,10,4.67,1.64,46,52,46
7660,3k,toast,13,4.67,3.34,5,18,18
2479,3k,fourth,6,4.676452,1.29,14,21,38
343,3k,bin,3,4.68,2.67,1,5,4
554,3k,born,22,4.68,1.97,30,95,119
4213,3k,make,233,4.68,1.77,1380,1258,1453
6353,3k,skip,8,4.68,1.95,6,12,12
1150,3k,claw,2,4.7,2.2,6,4,2
4124,3k,low,18,4.7,1.22,62,112,151
2115,3k,fall,45,4.71,2.63,273,173,174
4722,unl,oh,351,4.71908,1.85,867,597,477
4601,3k,new,174,4.72,2.14,879,794,945
4769,lcnl,ox,2,4.72,1.96,27,16,13
4809,3k,pan,6,4.72,1.53,100,41,18
5739,3k,rule,15,4.72,1.49,24,57,40
6016,3k,seed,9,4.72,2.24,20,29,38
6211,3k,shout,21,4.72,1.49,28,38,31
6265,3k,side,79,4.72,1.27,413,429,422
855,3k,call,76,4.74,1.85,341,315,268
1069,3k,choose,22,4.74,1.79,12,51,60
1497,3k,cross,24,4.74,1.76,56,71,82
3979,3k,lift,8,4.74,1.91,27,39,43
4294,3k,meal,10,4.74,1.56,20,41,49
4303,3k,meet,27,4.74,1.73,101,129,138
5993,3k,sea,46,4.74,1.56,240,243,225
7611,3k,tie,10,4.74,1.82,53,36,31
3279,3k,hit,13,4.75,2.83,263,189,145
5706,3k,round,88,4.75,2.05,106,120,158
7515,3k,think,265,4.75,1.55,1417,1313,1353
7082,3k,store,23,4.76,1.92,333,225,192
561,3k,both,52,4.772365,1.57,213,268,333
4079,lcnl,looks,44,4.772365,1.41,418,237,179
8381,3k,witch,7,4.78,1.4,5,12,16
332,3k,bike,33,4.79,1.65,173,87,59
437,3k,block,16,4.79,3.08,87,65,59
2156,3k,fear,20,4.79,1.93,15,46,75
2999,3k,grow,45,4.79,1.93,298,301,320
5310,3k,pull,25,4.79,1.93,116,113,104
5640,3k,roar,7,4.79,2.25,25,42,25
6430,3k,slide,16,4.79,2.3,12,21,24
8362,3k,wing,9,4.79,1.84,20,21,19
239,3k,beach,27,4.8,1.54,82,81,83
4258,3k,mask,2,4.8,2.46,28,17,16
6656,3k,soon,115,4.82565,1.88,616,558,486
4434,3k,moon,88,4.83,2.31,196,119,143
8053,3k,voice,64,4.83,1.54,213,387,359
8369,3k,wipe,5,4.83,2.07,3,2,8
253,3k,beard,5,4.84,1.8,4,13,17
3348,3k,hop,36,4.84,2.17,107,19,16
3356,3k,horn,20,4.84,1.01,16,27,23
6097,3k,share,16,4.84,1.86,39,48,52
6322,3k,size,7,4.84,2.48,54,72,93
6649,3k,some,316,4.846964,2.44,2171,1973,2260
217,3k,bat,26,4.85,1.73,51,32,22
2399,3k,fluff,4,4.85,1.57,10,0,2
3998,3k,line,35,4.85,2.52,181,174,206
7237,3k,sure,89,4.85,1.46,467,589,564
545,lcnl,boots,12,4.86,2.71,50,48,43
2125,3k,far,61,4.878935,1.57,377,369,389
7501,3k,they,1078,4.878935,1.87,5819,5999,6632
1881,3k,dream,18,4.88,1.95,61,68,67
447,3k,blood,4,4.89,1.64,34,63,75
783,3k,bunch,15,4.89,1.78,24,29,19
1761,3k,dish,12,4.89,2.42,41,31,10
2512,3k,freeze,8,4.89,1.76,4,8,13
2990,3k,ground,52,4.89,2.3,325,317,335
3044,3k,gum,6,4.89,1.13,15,18,19
3349,3k,hope,40,4.89,2.11,136,113,107
3707,3k,kind,47,4.89,1.23,256,352,436
4961,3k,piece,21,4.89,1.7,114,155,174
5500,3k,reach,24,4.89,2.79,67,73,95
6257,3k,shut,35,4.89,2.17,73,87,90
6405,lcnl,sled,3,4.89,1.88,17,21,26
6680,3k,sour,5,4.89,2.18,3,8,8
7421,3k,tear,1,4.89,1.97,21,18,20
8372,3k,wire,10,4.89,1.78,18,35,39
8470,3k,write,24,4.89,1.64,276,246,221
810,3k,bush,18,4.9,2.1,20,21,31
3397,3k,huge,17,4.9,3.14,30,80,116
7491,3k,them,458,4.900249,2.16,1948,2256,2666
8404,lcnl,woods,19,4.930784,1.62,216,143,126
1844,3k,down,522,4.93222,1.96,2635,2173,1958
2477,3k,four,81,4.93222,2.48,222,249,293
7523,3k,this,538,4.93222,2.09,3899,2990,3591
4481,3k,mouse,111,4.94,1.76,442,171,82
6413,3k,sleeve,2,4.94,2.13,3,11,10
7087,3k,storm,15,4.94,2.51,32,69,73
7144,3k,string,18,4.94,1.7,93,74,57
573,3k,bow,26,4.95,2.22,15,25,30
1145,3k,class,16,4.95,1.36,182,181,177
5015,3k,place,104,4.95,1.96,720,670,756
5031,3k,plane,11,4.95,2.3,86,89,64
5122,3k,poke,1,4.95,2.37,1,3,5
5505,3k,real,35,4.95,1.43,221,241,236
7368,3k,tall,37,4.95,3.24,217,225,193
2013,3k,each,95,4.953534,1.53,566,741,955
4735,3k,once,129,4.974848,2.32,338,463,547
223,3k,bathe,2,5,2.11,0,2,3
267,3k,bee,44,5,1.97,55,54,30
1002,3k,cheer,9,5,1.67,8,10,12
2271,3k,fix,13,5,1.88,151,76,41
3123,3k,harm,13,5,1.41,17,28,30
4104,3k,loss,1,5,2.38,1,3,9
5188,3k,pour,2,5,1.88,5,10,10
5678,3k,roof,9,5,2.52,154,82,77
6035,3k,self,2,5,1.89,7,3,3
6769,3k,spin,9,5,2.43,26,29,15
6806,3k,sponge,2,5,2.05,1,1,2
7182,3k,stuff,9,5,1.78,41,64,67
7350,3k,tag,12,5,1.81,45,18,6
7533,3k,those,104,5.006819,2.27,262,339,403
2483,3k,fox,47,5.017476,1.78,270,113,70
8171,lcnl,we,610,5.03879,1.66,4846,3286,3235
1014,3k,chest,9,5.05,2.09,17,47,52
2708,3k,gift,9,5.05,1.87,44,28,30
2910,3k,great,131,5.05,1.23,373,399,498
3318,3k,hole,44,5.05,2.17,251,189,99
3485,3k,itch,2,5.05,1.08,6,2,3
5795,3k,salt,16,5.05,2.2,19,38,52
842,3k,cage,9,5.06,1.3,58,76,49
997,3k,cheek,3,5.06,2.1,7,14,14
1994,3k,dust,21,5.06,1.39,36,61,66
2227,3k,fill,9,5.06,1.47,39,52,50
2699,3k,ghost,6,5.06,2.01,67,51,44
6740,3k,spell,7,5.06,1.59,3,24,26
6776,3k,spit,5,5.06,2.04,4,9,9
4839,3k,pat,24,5.070761,2.12,296,52,17
7560,3k,throat,10,5.09,2.19,14,42,58
3226,3k,her,1026,5.092075,2.45,4345,4828,5016
12,3k,add,1,5.1,1.48,46,31,26
674,3k,bride,4,5.1,1.55,0,1,4
6551,3k,snake,23,5.1,2.47,123,96,57
7695,3k,too,313,5.102732,2,2069,1669,1456
237,lcnl,be,674,5.11,3.23,3366,3618,4161
612,3k,branch,24,5.11,2.11,54,59,48
992,3k,cheat,1,5.11,1.75,1,1,3
2168,3k,feel,58,5.11,2.73,466,414,419
2352,3k,flip,6,5.11,1.32,3,4,5
3211,3k,hell,3,5.11,1.88,0,11,16
3469,3k,inch,7,5.11,1.73,9,20,20
4392,3k,mix,3,5.11,1.71,24,8,9
4445,3k,mop,1,5.11,1.91,37,1,1
4597,3k,nest,18,5.11,1.94,84,59,58
4830,3k,part,23,5.11,1.15,219,323,508
4910,3k,pen,4,5.11,1.29,90,31,32
5328,3k,pup,11,5.11,3.78,25,14,6
5485,3k,rat,10,5.11,2.25,57,27,23
5775,3k,safe,31,5.11,2.65,124,144,103
6738,3k,speed,7,5.11,1.53,33,52,53
7736,3k,town,107,5.11,2.66,236,262,297
8197,3k,week,18,5.11,2.56,133,193,125
5250,3k,prize,1,5.113389,1.57,28,36,32
5896,3k,scoop,3,5.14,2.22,0,8,8
1027,3k,child,59,5.14536,1.7,70,118,144
2475,3k,found,124,5.14536,1.96,533,535,632
6618,lcnl,so,892,5.14536,1.85,2778,2683,2882
1100,3k,church,7,5.15,1.76,25,40,59
2137,3k,fat,26,5.15,1.84,134,88,75
2838,3k,goose,8,5.15,2.21,45,30,19
5148,3k,pool,14,5.15,2.3,80,59,48
3472,3k,ink,9,5.16,1.54,2,7,15
4782,3k,page,33,5.16,1.8,52,93,171
5137,3k,pond,33,5.16,1.98,202,89,61
7453,3k,tent,18,5.16,1.95,51,39,39
7633,3k,time,417,5.16,1.86,1847,1882,2005
7725,3k,touch,10,5.16,2.95,75,98,96
187,3k,bark,17,5.17,1.76,58,47,45
1059,3k,choice,6,5.17,1.79,7,17,25
1652,3k,dead,12,5.17,2.09,86,153,163
1681,3k,deer,6,5.17,3.26,40,49,53
3183,3k,heart,44,5.17,2.23,48,102,164
4121,3k,love,215,5.17,3.54,111,164,135
7875,3k,tug,5,5.17,2.2,13,9,7
2548,3k,front,84,5.187988,2.06,372,447,450
7979,3k,van,14,5.198645,2.76,98,20,10
3595,3k,joke,5,5.2,1.88,31,34,28
2550,3k,frost,4,5.209302,1.58,11,6,16
4766,3k,own,50,5.209302,1.81,312,402,480
353,3k,birth,1,5.21,2.25,0,6,13
2509,3k,free,23,5.21,1.78,92,116,120
2813,3k,goat,24,5.21,2.07,70,52,33
2986,3k,gross,2,5.21,2.92,2,0,1
4697,3k,nut,10,5.21,1.69,27,12,8
5693,lcnl,ropes,2,5.21,1.65,14,20,13
947,3k,chain,2,5.22,2.13,15,19,24
2585,3k,fur,17,5.22,2.05,60,55,53
3831,3k,land,24,5.22,2.69,194,248,315
4443,3k,moose,4,5.22,1.73,2,16,14
5435,3k,rag,8,5.22,2.05,6,6,5
6142,3k,shell,8,5.22,1.96,60,35,34
8522,3k,year,28,5.24,1.73,132,260,336
5211,lcnl,prayer,1,5.25,1.77,0,4,7
5336,lcnl,purr,2,5.25,2.53,5,3,2
4677,3k,now,405,5.25193,1.77,2249,1833,1836
5355,3k,quack,35,5.25193,3.59,3,4,2
6319,3k,six,33,5.25193,1.86,151,166,160
7496,3k,there,693,5.25193,2.05,3255,3310,3699
7619,3k,tight,29,5.25193,1.61,25,48,58
1906,3k,drive,22,5.26,2.58,78,108,98
3532,3k,jeans,1,5.26,2.1,11,12,15
4956,3k,pick,38,5.26,2.31,198,151,110
5245,3k,prince,16,5.26,2.31,94,71,70
5415,3k,quit,3,5.26,2.18,22,38,26
6078,3k,shake,18,5.26,1.69,45,45,38
7039,3k,still,134,5.262587,1.87,699,758,830
7489,3k,their,324,5.262587,2.02,660,1336,2034
3526,lcnl,jaws,9,5.28,1.87,2,7,11
3863,3k,late,36,5.28,1.93,193,197,172
8430,3k,would,396,5.28,1.56,1957,2329,2710
643,3k,break,19,5.3,2.18,56,77,100
1185,3k,climb,27,5.3,2.05,123,89,60
1225,3k,cloth,1,5.3,1.13,50,55,75
8515,3k,yawn,5,5.3,1.81,7,3,2
125,3k,back,406,5.305215,2.35,2096,1959,1784
1153,3k,clay,16,5.32,2.06,59,60,42
2639,3k,gas,7,5.32,1.97,49,84,92
2647,3k,gate,18,5.32,2.29,77,67,61
3161,3k,hay,22,5.32,1.92,8,20,32
5452,3k,rake,6,5.32,1.77,27,5,3
6260,3k,shy,12,5.32,1.95,16,16,14
6367,3k,skunk,8,5.32,1.97,49,17,7
8418,3k,world,93,5.32,2.26,150,273,399
412,3k,bless,7,5.33,1.81,1,2,5
2279,3k,flag,6,5.33,2.38,19,17,16
3187,3k,heat,4,5.33,2.03,45,67,136
3364,3k,hose,10,5.33,2.03,19,12,7
3524,3k,jaw,1,5.33,2.28,2,7,12
6134,3k,sheet,4,5.33,2.45,21,36,24
6170,3k,ship,19,5.33,2.06,165,148,149
3097,3k,hall,43,5.35,2.16,127,139,108
2047,3k,eight,27,5.3585,1.72,60,73,85
2216,3k,fifth,2,5.3585,2.32,11,16,20
3378,3k,how,292,5.3585,1.92,2048,2049,2147
3457,lcnl,if,468,5.3585,2.34,1827,2192,2595
5824,3k,saw,164,5.3585,2.09,1596,999,727
6320,3k,sixth,2,5.3585,1.97,5,12,10
1013,3k,chess,2,5.37,2.03,0,1,2
1664,3k,death,2,5.37,1.8,15,44,79
2021,3k,earth,11,5.37,1.26,200,281,348
2860,3k,grab,9,5.37,2.31,11,18,20
4365,3k,mind,31,5.37,1.86,115,271,316
5819,3k,sauce,2,5.37,2.24,1,3,4
6326,3k,skate,10,5.37,1.61,47,26,16
6678,3k,soup,29,5.37,2.65,123,58,27
7697,3k,tool,1,5.37,2.03,10,14,18
2361,3k,float,9,5.39,2.55,8,27,23
3329,lcnl,honk,7,5.39,2.38,16,9,3
3549,3k,jet,5,5.39,2.52,27,13,10
3576,3k,job,18,5.39,2.06,348,280,168
4833,3k,pass,12,5.39,1.65,56,69,80
6824,3k,spot,10,5.39,2.66,131,75,77
8168,3k,way,247,5.39,1.74,1288,1322,1517
1533,3k,cub,6,5.4,2.04,11,9,12
4018,cdi,listen,38,5.4,2.62,207,198,170
5162,3k,porch,11,5.4,2.19,50,84,57
827,3k,by,312,5.411785,1.5,1189,1462,2074
1893,3k,drew,11,5.411785,2.21,43,70,82
4574,3k,near,33,5.411785,1.96,329,341,380
243,3k,beak,2,5.42,2.73,6,7,9
3205,3k,height,1,5.42,1.43,0,4,13
3710,3k,king,70,5.42,2.63,399,263,209
4545,3k,nail,13,5.42,2.36,29,16,12
5994,3k,seal,2,5.42,1.87,49,24,16
6899,3k,squeeze,5,5.42,2.17,7,8,9
7647,3k,tip,10,5.42,2.34,30,25,25
4577,3k,neat,13,5.43,3.2,21,43,30
3022,3k,guess,39,5.44,1.46,210,225,155
3519,3k,jar,9,5.44,2.18,67,53,43
5277,3k,proud,22,5.44,1.58,45,67,60
5691,3k,rope,26,5.44,2.09,133,109,93
5821,3k,save,10,5.44,1.69,65,77,67
6276,3k,sight,21,5.44,2.01,24,88,112
3876,3k,lawn,11,5.45,2.22,11,19,24
7326,3k,sword,5,5.45,1.43,0,10,19
3096,3k,half,25,5.454413,1.77,77,188,251
7473,3k,than,105,5.454413,2.33,476,728,1008
1679,3k,deep,58,5.47,2.46,128,188,217
2219,3k,fight,38,5.47,2.06,85,123,103
3896,3k,leak,1,5.47,1.81,0,4,5
4310,3k,melt,3,5.47,2.09,16,13,10
5573,3k,rhyme,5,5.47,1.98,1,2,3
6100,3k,shark,23,5.47,1.65,15,19,8
7132,3k,stretch,2,5.47,2.17,11,16,27
7412,3k,tea,23,5.47,2.39,51,61,71
7728,3k,tough,9,5.47,1.5,5,27,22
8239,lcnl,whale,10,5.47,1.95,49,42,31
146,lcnl,bake,13,5.5,2.53,52,12,7
721,3k,broom,11,5.5,2.46,7,9,16
1304,3k,comb,11,5.5,2.2,5,10,13
2594,3k,fuss,4,5.5,1.86,40,14,9
3334,3k,hood,9,5.5,2.66,0,10,13
4862,3k,pay,13,5.5,1.76,141,147,105
4982,3k,pinch,2,5.5,2.28,6,4,4
5092,3k,plum,11,5.5,2.2,11,5,6
6140,3k,shelf,11,5.5,2.23,26,36,28
6504,3k,smart,18,5.5,1.86,114,57,41
6847,3k,spring,29,5.5,2.15,129,131,153
7479,3k,that,1383,5.529012,2.06,6087,6786,8610
519,3k,bone,12,5.53,1.74,34,29,48
879,3k,cap,16,5.53,2.01,84,48,52
984,3k,chase,24,5.53,2.12,21,17,15
994,3k,check,5,5.53,1.68,49,63,59
1022,3k,chick,8,5.53,2.09,55,23,4
3141,3k,hate,17,5.53,2.06,85,60,47
3903,3k,leap,7,5.53,1.93,3,10,14
4984,3k,pine,5,5.53,2.14,70,43,38
5339,3k,purse,12,5.53,2.01,11,7,13
6195,3k,shoot,7,5.53,2.39,10,43,36
3381,3k,howl,4,5.55,1.85,10,8,10
1660,3k,dear,107,5.550326,1.82,73,93,84
297,3k,bend,8,5.56,1.85,22,35,29
532,3k,boom,22,5.56,2.43,8,28,15
823,3k,buy,49,5.56,2.08,144,174,177
1703,3k,desk,21,5.56,2.2,140,126,89
4273,3k,math,1,5.56,1.46,16,12,9
3935,3k,left,119,5.57164,2.17,556,604,606
4651,3k,none,23,5.57164,1.85,16,56,71
676,3k,bridge,21,5.58,2.34,31,52,44
3048,3k,gun,7,5.58,2.52,83,68,64
3919,3k,leave,50,5.58,2.48,246,273,193
4017,3k,list,16,5.58,2.32,164,76,65
7050,3k,stir,3,5.58,3.29,3,6,9
7207,3k,suck,1,5.58,2.39,5,4,4
8174,3k,weak,12,5.58,1.64,24,38,35
4224,3k,mane,1,5.6,2.14,2,3,6
4232,3k,map,3,5.6,2.06,91,74,106
2077,3k,eve,5,5.603611,2.45,16,6,5
3464,3k,ill,8,5.603611,1.82,7,14,21
4257,lcnl,mashed,3,5.61,2.73,1,1,2
5936,3k,scratch,17,5.61,3.05,2,7,13
6533,3k,smooth,8,5.61,2.3,19,36,47
7110,3k,strap,1,5.61,2.68,0,1,7
7504,3k,thick,13,5.61,1.91,62,67,102
7751,3k,trail,8,5.61,1.91,33,56,57
8210,3k,weird,2,5.61,1.75,2,8,11
788,3k,bunk,3,5.62,2.52,0,8,7
4640,3k,nod,2,5.62,2.91,3,7,5
5800,3k,same,45,5.624925,1.71,403,475,578
422,3k,blink,15,5.63,2.27,3,3,5
1520,3k,crunch,14,5.63,1.83,1,6,3
2120,3k,fan,6,5.63,2.54,11,4,9
4216,3k,male,2,5.63,2.17,2,9,16
5126,3k,pole,26,5.63,2.83,34,60,70
5166,3k,pork,2,5.63,1.95,2,5,2
6923,3k,stack,14,5.63,2.22,15,11,9
8038,3k,view,9,5.63,2.01,7,22,33
8104,3k,wake,19,5.63,3.93,56,62,50
8335,3k,wig,5,5.63,2.22,4,3,3
888,3k,care,48,5.65,2.01,335,286,280
4286,3k,may,94,5.65,2.35,616,518,770
4507,3k,mule,7,5.65,1.66,41,8,10
1361,3k,cost,3,5.67,1.88,30,23,24
2105,3k,fair,24,5.67,1.91,113,104,78
6356,3k,skirt,1,5.67,2.57,9,13,18
6695,3k,space,16,5.67,1.91,67,103,148
8334,3k,wife,24,5.67,3.2,191,157,123
2163,3k,fed,11,5.67821,2.66,46,31,39
2310,3k,flat,13,5.68,1.67,56,106,100
5852,3k,scar,1,5.68,2.21,0,3,5
5857,3k,scarf,69,5.68,2.54,6,13,12
6040,3k,send,15,5.68,1.73,74,75,83
6424,3k,slice,13,5.69,2.24,3,6,7
1693,3k,den,21,5.7,1.66,21,12,9
3310,3k,hog,7,5.7,2.27,7,1,2
2866,3k,grade,5,5.72,1.36,48,41,36
4269,3k,match,2,5.72,1.87,41,47,34
6841,3k,spread,14,5.72,2.76,14,50,75
7820,3k,troll,1,5.72,2.19,50,29,5
165,3k,bang,17,5.74,2.88,64,22,16
256,3k,beast,3,5.74,2.79,26,13,12
870,3k,cane,2,5.74,1.97,53,13,11
1503,3k,crow,23,5.74,3.28,30,29,18
2264,3k,fit,24,5.74,1.66,82,64,59
2902,3k,gray,26,5.74,2.6,106,116,105
3371,3k,hound,2,5.74,1.97,19,13,8
3500,3k,jail,1,5.74,2.45,21,15,26
3850,3k,large,35,5.74,2.23,98,214,408
4051,3k,lock,9,5.74,2.28,44,29,21
4798,3k,pal,6,5.74,2.54,7,9,6
6822,3k,sport,5,5.74,1.82,4,23,34
7146,lcnl,strings,3,5.74,2.26,5,10,13
8139,3k,warn,5,5.74,1.94,1,9,10
3169,lcnl,heads,16,5.742152,4.5,37,42,52
5321,3k,punch,1,5.75,2.31,22,8,8
602,3k,brain,18,5.76,2.19,3,25,42
182,3k,bare,4,5.78,2.86,13,26,37
281,3k,beg,9,5.78,2.32,5,9,15
865,3k,camp,4,5.78,1.73,62,80,88
2237,3k,find,133,5.78,3.89,1342,870,874
2570,lcnl,fudge,2,5.78,3.25,6,8,4
4103,3k,lose,12,5.78,2.32,47,60,61
4523,3k,mush,2,5.78,3.44,2,0,2
5481,3k,rash,2,5.78,2.1,10,1,1
6197,3k,shop,20,5.78,1.86,311,118,63
6,3k,ache,1,5.79,2.27,6,7,6
781,3k,bun,5,5.79,2.74,1,0,0
1075,3k,chore,1,5.79,1.51,0,0,0
2563,3k,fry,3,5.79,1.69,9,4,4
2735,3k,glad,22,5.79,2.18,196,151,124
3000,3k,growl,7,5.79,1.87,2,6,5
3916,3k,leash,1,5.79,1.84,17,12,6
4425,lcnl,month,4,5.79,1.51,18,50,55
4888,lcnl,peek,3,5.79,3.01,49,11,4
4974,3k,pile,12,5.79,2.7,134,64,59
5209,3k,pray,11,5.79,2.35,5,7,10
6164,3k,shine,5,5.79,2.12,53,32,17
6549,3k,snail,12,5.79,2.57,18,13,14
7868,3k,tuck,6,5.79,2.12,0,1,3
3408,3k,hum,8,5.795437,2.24,17,8,7
1160,3k,clear,25,5.8,1.79,15,95,132
6838,3k,spray,2,5.8,1.79,5,6,11
648,3k,breath,18,5.81,2.02,48,105,104
7571,3k,through,212,5.816751,1.86,343,714,989
1399,3k,craft,1,5.83,2.23,0,0,2
3588,3k,join,21,5.83,1.38,14,44,53
5771,3k,sack,11,5.83,2.01,42,21,22
5905,3k,score,4,5.83,1.54,10,7,12
6566,3k,sneak,3,5.83,2.53,4,4,8
8024,3k,vest,1,5.83,2.31,2,8,7
3880,3k,lay,29,5.838065,2.01,83,173,196
921,3k,cause,23,5.84,3.1,2,21,42
2951,3k,grin,5,5.84,2.01,6,19,18
4695,3k,nurse,9,5.84,1.98,70,57,32
5949,3k,screen,1,5.84,2.46,4,25,38
6207,3k,shot,11,5.84,2.75,63,79,86
6665,3k,sore,9,5.84,2.03,14,17,11
6893,3k,squeak,7,5.84,1.8,6,9,13
7384,lcnl,tap,7,5.84,2.87,72,31,10
8329,3k,wide,37,5.84,2.14,65,111,113
3373,3k,hour,37,5.85,1.79,88,132,146
8196,lcnl,weeds,8,5.85,2.35,48,22,12
8415,3k,work,71,5.86,3.29,874,787,761
61,3k,ape,3,5.89,2.64,19,11,2
1048,3k,chip,3,5.89,2.35,57,12,17
1242,3k,club,79,5.89,2.56,37,53,52
1446,3k,creek,1,5.89,2.23,14,31,42
1518,3k,crumb,1,5.89,2.26,2,3,3
3978,3k,life,47,5.89,3.23,107,258,398
4144,3k,lump,4,5.89,2.38,8,15,11
4654,3k,noon,14,5.89,2.18,19,37,34
4855,3k,paw,31,5.89,2.95,38,28,18
5395,3k,quick,31,5.89,2.16,61,82,77
6105,3k,shave,1,5.89,1.94,1,0,4
8232,3k,west,9,5.89,2.56,66,95,113
8559,3k,yolk,1,5.89,2.4,2,2,0
7536,3k,thought,234,5.89135,2.18,1047,1130,1062
7916,3k,twice,11,5.89135,2.09,31,43,58
4374,3k,mint,1,5.94,1.86,0,1,1
4794,3k,pair,13,5.94,2.46,20,41,58
5689,3k,root,1,5.94,2.15,0,7,21
5868,3k,scent,2,5.94,2.01,0,3,8
6499,3k,smack,2,5.94,5.16,3,3,2
8467,3k,wrist,2,5.94,2.44,5,11,9
37,3k,aisle,2,5.95,1.54,3,7,10
607,3k,brake,5,5.95,2.22,3,6,4
1438,3k,cream,40,5.95,2.48,94,55,39
1524,3k,crust,2,5.95,1.9,0,4,7
3269,3k,hint,1,5.95,1.57,10,6,6
3967,3k,lid,3,5.95,3.09,16,14,13
4099,3k,lord,13,5.95,2.04,20,20,30
5178,3k,pot,22,5.95,3.99,129,74,48
7528,3k,thorn,2,5.965949,1.36,3,4,8
2197,3k,few,28,5.99792,1.6,269,406,550
625,3k,brave,12,6,2.03,76,62,49
936,3k,cent,1,6,1.64,3,4,5
1347,3k,cord,1,6,2.13,2,6,10
1654,3k,deal,6,6,2.06,14,35,59
2100,3k,fail,4,6,1.61,1,4,4
4715,3k,odd,2,6,2,11,23,30
4804,3k,palm,3,6,2.83,2,22,33
5425,3k,race,14,6,2.62,151,108,90
5725,3k,rub,4,6,2.89,31,17,16
6056,3k,set,46,6,3.03,254,283,331
6415,unl,sleigh,13,6,3.99,0,1,2
7011,3k,steer,4,6,1.63,3,4,9
7418,3k,team,6,6,1.81,81,114,108
386,3k,blank,1,6.05,1.79,0,7,10
1463,3k,crib,1,6.05,4.16,2,5,2
3769,3k,knot,1,6.05,1.96,3,11,11
4891,3k,peel,3,6.05,2.41,1,4,5
5089,3k,plug,2,6.05,3.36,9,5,2
6060,3k,sew,8,6.05,2.68,11,11,5
6554,3k,snap,2,6.05,2.9,6,13,16
7604,3k,tick,10,6.05,2.72,7,0,2
7774,3k,tray,7,6.05,1.81,3,13,10
7796,3k,trick,35,6.05,2.99,112,50,30
2048,3k,eighth,2,6.051205,1.27,2,6,10
7064,3k,stole,17,6.051205,1.66,2,21,21
1248,3k,clue,2,6.06,2.15,22,25,23
3423,3k,hunt,13,6.06,2.01,102,55,52
4977,3k,pill,1,6.06,2.29,22,6,4
5317,3k,pump,2,6.06,1.98,10,13,14
6686,3k,south,28,6.06,2.15,44,78,120
7921,3k,twin,2,6.06,1.73,10,9,8
2209,lcnl,field,18,6.1,2.38,132,154,139
4023,3k,live,53,6.1,2.15,443,475,561
84,lcnl,as,844,6.10449,2.3,2243,3346,4616
2180,3k,felt,79,6.10449,1.95,342,460,500
110,3k,axe,6,6.11,1.49,0,3,8
276,3k,beer,2,6.11,2.68,0,10,10
413,lcnl,blessed,1,6.11,2.69,0,2,4
1062,3k,choke,1,6.11,2.23,1,4,3
1419,3k,crash,13,6.11,2.59,27,34,28
3342,3k,hoop,2,6.11,1.45,8,3,4
3411,3k,hump,7,6.11,1.64,0,4,5
4844,3k,path,13,6.11,2.95,105,82,87
5155,3k,poor,65,6.11,1.94,81,153,158
5620,3k,rip,1,6.11,3.41,14,11,10
5695,3k,rose,21,6.11,2.33,77,95,117
6102,3k,sharp,12,6.11,2.73,37,84,83
7322,3k,swoop,1,6.11,2.02,0,2,3
7658,3k,toad,115,6.11,2.64,419,63,12
8340,3k,wild,37,6.11,2.51,55,101,122
5007,3k,pit,2,6.14,2.37,17,19,19
258,3k,beat,15,6.15,1.66,65,85,84
489,3k,bob,3,6.157775,1.97,281,91,66
8216,3k,well,222,6.157775,2.65,1024,1066,1046
162,3k,band,23,6.16,2.54,61,47,39
557,3k,boss,1,6.16,2.36,125,38,23
895,3k,cart,7,6.16,2.32,34,32,24
2858,3k,gown,19,6.16,2.34,3,0,3
4602,3k,news,16,6.16,2.27,40,62,84
4786,3k,pail,24,6.16,2.67,44,19,15
6577,3k,sniff,8,6.16,3.39,11,6,3
7650,3k,tire,6,6.16,1.64,15,16,11
565,3k,bounce,3,6.17,4.9,5,11,14
2035,3k,edge,12,6.17,2.31,20,103,122
3271,3k,hip,2,6.17,2.64,0,3,6
6441,3k,slip,4,6.17,2.6,13,21,23
6674,3k,soul,6,6.17,2.38,2,10,20
6994,3k,steal,7,6.17,2.09,14,14,16
886,3k,card,4,6.2,2.26,53,45,28
81,3k,art,5,6.21,2.32,41,25,38
2425,3k,fog,4,6.21,2.2,26,27,27
3024,3k,guest,5,6.21,3.17,0,9,11
3582,3k,jog,2,6.21,2.68,0,0,1
4764,3k,owl,65,6.21,2.66,151,58,33
5703,3k,rough,9,6.21,2.3,5,37,37
5931,3k,scrape,5,6.21,2.94,1,6,5
6216,3k,show,80,6.21,1.81,545,372,384
7044,3k,sting,2,6.21,3.26,12,14,5
7074,3k,stool,2,6.21,3.36,9,7,10
7128,3k,strength,5,6.21,2.53,6,18,33
659,3k,breeze,15,6.22,3,5,9,22
1765,3k,ditch,5,6.22,2.16,11,8,13
2517,3k,fresh,22,6.22,1.86,40,70,83
6737,3k,speech,7,6.22,1.63,6,16,20
6803,3k,spoke,20,6.232374,2.91,79,115,112
550,lcnl,bored,6,6.25,1.68,6,14,18
2291,3k,flame,1,6.25,2.38,14,10,13
3020,3k,guard,8,6.25,2.07,29,48,31
6793,3k,split,9,6.25,2.36,11,19,21
858,3k,calm,4,6.26,2.18,4,24,35
1857,3k,drain,2,6.26,2.96,2,4,5
3339,3k,hook,23,6.26,1.85,33,20,17
5428,3k,rack,2,6.26,2.66,10,6,6
6998,3k,steam,23,6.26,2.45,15,32,30
7465,3k,test,5,6.26,1.45,40,55,58
8138,3k,warmth,1,6.26,2.33,0,13,18
3757,3k,knight,2,6.264345,1.76,0,1,5
4106,3k,lot,60,6.264345,2.25,444,411,372
4876,3k,pearl,4,6.275002,2.1,0,12,8
2184,3k,fence,39,6.28,3.36,85,96,71
2780,3k,glow,2,6.28,1.87,0,12,17
7917,lcnl,twig,4,6.28,3.03,3,4,5
6799,3k,spoil,6,6.3,1.72,5,11,13
109,lcnl,ax,1,6.31763,1.73,11,11,14
1926,3k,drove,14,6.31763,2.57,86,101,85
7259,3k,swan,14,6.31763,2.05,13,3,5
8520,3k,yea,2,6.31763,3.58,0,0,1
3535,3k,jeep,6,6.32,3,6,7,5
4866,3k,peace,3,6.32,2.52,7,17,30
5581,3k,rich,10,6.32,2.14,51,112,98
6930,3k,stage,1,6.32,2.06,48,37,32
7363,3k,tale,9,6.32,2.52,0,8,13
1396,3k,crack,8,6.33,3.38,17,42,37
1489,unl,crooked,12,6.33,1.61,4,2,5
3277,3k,hiss,7,6.33,2,11,3,3
6952,3k,stamp,1,6.33,2.22,18,27,7
3698,3k,kill,7,6.35,2.58,82,84,81
482,3k,board,8,6.37,1.8,81,80,72
6069,3k,shade,9,6.37,2.43,33,32,35
6309,3k,sir,75,6.37,3.04,63,102,102
5107,3k,plus,1,6.370915,1.67,3,2,3
5648,3k,robe,3,6.38,2.91,4,9,10
6617,3k,snug,5,6.38,2.7,6,8,4
1564,3k,curl,7,6.39,2.7,4,6,6
3223,3k,hen,31,6.39,2.81,222,34,19
6981,3k,state,5,6.39,2.59,29,57,96
8121,3k,wand,3,6.39,3.27,5,2,2
8194,3k,wee,16,6.39,2.79,0,1,2
4671,3k,note,19,6.4,1.57,123,80,57
5221,3k,press,7,6.4,2.89,5,10,14
9,3k,act,11,6.42,2.22,27,67,67
202,3k,base,4,6.42,2.57,20,26,31
7109,3k,strange,21,6.42,1.77,119,190,187
7509,3k,thigh,2,6.42,1.61,0,1,0
7749,3k,trade,3,6.42,3.47,54,27,29
340,3k,bill,4,6.4242,2.07,442,263,117
7206,3k,such,70,6.4242,2.05,144,231,382
7500,3k,these,80,6.4242,1.78,525,677,1003
671,3k,brick,8,6.43,2.09,9,20,19
1266,3k,coast,1,6.43,1.91,13,19,24
168,3k,bank,8,6.44,2.41,55,87,66
3799,3k,lace,3,6.44,2.75,1,5,5
5302,3k,puff,9,6.44,3.18,33,17,6
6745,3k,spend,6,6.44,2.5,28,50,61
7766,3k,trap,2,6.44,2.12,54,50,35
1670,3k,deck,2,6.45,2.76,24,37,24
7931,3k,twist,1,6.46,1.96,3,4,6
356,3k,bit,44,6.47,2.55,117,139,143
2091,3k,fact,13,6.47,2.78,32,82,120
2393,3k,flu,2,6.47,2.84,1,5,4
2925,3k,greet,2,6.47,2.84,1,7,6
5783,3k,sail,9,6.47,2.7,45,35,43
7123,3k,stream,6,6.47,2.59,24,75,75
7511,3k,thin,20,6.47,2.76,57,104,130
2466,3k,fort,2,6.477485,3.09,8,14,25
4242,3k,mark,9,6.477485,1.7,263,177,138
5840,lcnl,scales,1,6.477485,1.94,10,4,5
379,3k,blame,2,6.48,1.89,8,16,15
6638,lcnl,soil,1,6.48,2.5,14,59,99
2770,3k,globe,1,6.5,2.6,21,22,19
8155,3k,waste,4,6.5,1.69,9,23,24
4132,3k,luck,21,6.53,2.04,55,50,41
6619,3k,soak,1,6.53,2.74,1,3,4
8207,3k,weight,2,6.53,2.34,5,33,54
8248,3k,wheat,10,6.53,2.46,89,34,26
2061,3k,else,36,6.53077,1.77,175,262,287
4791,lcnl,pains,3,6.53077,2.28,2,1,3
3723,3k,kit,1,6.55,2.76,65,17,7
4207,3k,main,10,6.55,1.64,21,54,94
4662,3k,north,19,6.55,1.85,60,109,158
4775,3k,pack,15,6.55,2.7,53,42,36
5401,lcnl,quilt,17,6.55,2.65,19,12,8
6085,3k,shame,6,6.55,2.37,10,10,14
7854,3k,trust,3,6.55,2.39,12,22,21
279,3k,beet,1,6.56,2.06,0,0,1
765,3k,bulb,3,6.56,2.23,5,7,11
3508,3k,jam,43,6.56,4,23,20,11
5181,3k,pouch,5,6.56,2.41,26,14,7
269,3k,beef,8,6.58,2.43,0,6,8
684,3k,bright,48,6.58,2.87,109,139,153
1603,3k,dam,2,6.58,1.54,3,16,13
1974,3k,dump,36,6.58,2.5,4,13,14
2371,3k,flood,2,6.58,2.39,0,12,13
4430,3k,mood,3,6.58,2.87,3,8,16
7942,3k,type,6,6.58,2.46,2,19,25
8269,3k,which,106,6.584055,1.69,209,398,718
503,3k,boil,5,6.6,1.79,0,4,4
646,3k,breast,1,6.6,2.54,5,3,3
120,3k,babe,1,6.61,3.11,6,16,11
2191,3k,fetch,9,6.61,2.55,0,6,12
3992,3k,lime,1,6.61,2.99,1,0,0
8509,3k,yarn,10,6.61,2.66,16,11,10
3632,3k,junk,2,6.62,1.99,25,32,19
8204,3k,weigh,1,6.62,2.85,6,13,14
854,3k,calf,14,6.63,1.5,9,12,12
1623,3k,dare,8,6.63,2.22,12,19,26
1835,3k,dough,4,6.63,2.91,22,14,5
1840,3k,dove,4,6.63,2.22,23,14,9
6992,3k,steak,5,6.63,1.57,5,9,6
7343,3k,tack,3,6.63,1.57,7,4,4
457,3k,blouse,1,6.65,2.58,0,3,3
1263,3k,coal,9,6.65,2.23,7,23,39
5665,3k,role,1,6.65,2.58,1,0,2
1572,unl,curved,1,6.67,1.61,0,7,15
7217,3k,suit,19,6.67,2.2,47,62,47
7312,3k,swirl,2,6.67,2.54,1,1,1
1713,3k,dial,1,6.68,3.16,1,3,5
2376,3k,flop,18,6.68,3.32,12,3,1
2881,3k,grand,7,6.68,2.31,17,15,25
3109,3k,hang,17,6.68,2.21,39,66,49
6336,3k,ski,3,6.68,2.31,18,4,6
7609,3k,tide,3,6.68,2.19,16,16,15
5754,3k,rush,3,6.7,2.05,22,21,23
6213,3k,shove,2,6.7,3.23,0,3,4
7635,3k,times,35,6.7,2.43,176,229,268
31,3k,aim,1,6.72,2.11,0,6,9
371,3k,blade,6,6.72,1.99,7,6,9
5449,3k,raise,4,6.72,2.72,13,31,45
5624,3k,rise,8,6.72,2.85,2,24,37
5494,3k,ray,2,6.733253,2.51,78,24,21
901,3k,case,16,6.74,2,57,70,83
924,3k,cave,18,6.74,2.49,70,84,71
1070,3k,chop,1,6.74,2.38,23,11,11
1174,3k,clerk,5,6.74,2.6,13,11,10
3615,3k,joy,15,6.74,2.92,25,32,34
4062,3k,log,6,6.74,3.18,53,51,42
6020,3k,seem,16,6.74,2.08,83,121,144
3157,3k,hawk,2,6.74391,1.75,14,22,19
7494,3k,then,673,6.74391,3.51,4009,3107,2849
4850,3k,pause,1,6.75,2,0,5,13
3888,3k,lead,16,6.76,3.42,9,40,58
5793,3k,sale,9,6.76,1.89,27,21,9
1411,3k,crane,10,6.775881,2.18,3,10,10
4345,3k,mike,47,6.775881,2.99,445,175,64
3118,3k,hare,31,6.78,2.05,13,4,5
4835,3k,past,56,6.78,1.52,115,159,178
5029,3k,plan,20,6.78,2.88,87,95,78
6435,lcnl,slime,1,6.78,2.37,0,1,0
6757,3k,spice,3,6.78,1.73,0,0,0
5186,3k,pound,2,6.79,2.44,17,16,14
5585,lcnl,rid,8,6.79,2.3,37,35,30
7637,3k,tin,6,6.79,2.32,32,19,28
8195,3k,weed,1,6.79,3.57,21,8,7
8375,3k,wise,9,6.79,2.55,106,47,40
7099,3k,straight,38,6.797195,1.69,79,141,148
6343,3k,skill,1,6.8,2.76,9,4,14
6667,3k,sort,32,6.807852,2.42,19,64,77
1556,3k,curb,1,6.81,2.99,10,10,8
1653,3k,deaf,1,6.83,1.5,2,8,13
449,3k,bloom,1,6.84,2.09,5,4,6
4031,3k,loaf,3,6.84,2.06,0,6,7
7742,3k,trace,2,6.84,4.21,13,8,10
4237,3k,march,10,6.85048,2.41,23,25,25
6293,3k,since,20,6.85048,1.76,55,149,200
1260,3k,coach,4,6.89,2,47,61,35
2383,3k,flour,4,6.89,2.33,56,18,12
2811,3k,goal,1,6.89,2.14,10,6,13
3284,3k,hive,1,6.89,2.56,4,12,11
8311,3k,whole,67,6.89,2.71,114,227,259
8572,3k,youth,1,6.89,2,0,3,10
176,3k,bar,7,6.9,2.62,39,28,34
3336,3k,hoof,1,6.9,2.51,1,1,5
880,3k,cape,4,6.903765,4.52,39,13,9
2923,unl,greens,1,6.903765,3.69,2,3,3
7626,3k,till,52,6.903765,1.85,40,68,69
6201,3k,shore,9,6.925079,2.04,53,59,67
835,3k,cab,4,6.94,2.86,9,9,8
1178,3k,click,17,6.94,2.6,39,7,11
2025,3k,east,12,6.94,3.56,38,55,74
2142,3k,fault,6,6.94,2.84,8,28,31
5922,3k,scout,1,6.94,2.36,6,7,12
6018,3k,seek,10,6.94,2.31,5,3,9
6382,3k,slam,5,6.94,1.95,7,5,4
6884,3k,squash,2,6.94,3.3,0,3,7
7744,3k,track,21,6.94,2.8,38,64,60
1204,3k,cloak,3,6.95,2.41,0,4,7
2094,3k,fade,2,6.95,2.67,1,2,2
4199,3k,maid,23,6.95,1.68,22,7,4
4384,3k,mist,2,6.95,2.61,0,6,11
4799,3k,pale,2,6.95,2.66,4,30,39
7029,3k,stew,14,6.95,3.44,8,11,9
7808,3k,trim,4,6.95,2.37,2,3,2
8045,3k,vine,2,6.95,3.36,3,1,7
3492,3k,jack,57,6.95705,2.91,244,165,92
8542,3k,yet,32,6.95705,1.85,146,202,246
313,3k,bet,16,7,2.43,99,75,44
420,3k,blind,6,7,2.6,19,35,36
1644,3k,dawn,4,7,1.94,30,25,31
1749,3k,dip,2,7,2.81,8,3,5
1928,3k,drown,3,7,2.52,7,8,5
3139,3k,hatch,9,7,3.03,18,13,14
3194,3k,heck,1,7,3.04,4,6,1
3833,3k,lane,8,7,2.85,8,9,12
4599,3k,net,8,7,2.9,34,28,28
4614,3k,niece,2,7,2.4,0,0,2
5719,3k,row,4,7,3.07,27,45,46
6896,3k,squeal,3,7,3.48,1,1,2
8285,3k,whip,2,7,2.69,6,18,16
8441,3k,wrap,2,7,2.72,5,8,10
751,3k,bud,1,7.010335,1.5,39,19,12
3635,3k,just,448,7.010335,2.48,2152,2096,1991
2055,3k,elk,1,7.05,4.68,8,9,6
6036,3k,sell,16,7.05,2.53,80,91,86
7376,3k,tan,1,7.05,3.14,51,8,8
393,3k,blast,2,7.06,3.02,2,11,13
1733,3k,dim,1,7.06,2.62,7,15,19
2900,3k,grave,3,7.06,2.9,0,4,7
7541,3k,thread,4,7.06,2.92,21,22,11
8275,3k,while,114,7.06362,2.04,312,494,567
8427,3k,worth,5,7.084934,2.87,18,31,42
825,3k,buzz,17,7.095591,2.54,3,10,7
2821,3k,gold,38,7.1,2.13,140,155,150
5236,3k,priest,3,7.1,1.86,0,7,19
143,3k,bait,1,7.11,2.08,8,6,7
991,3k,cheap,2,7.11,2.08,1,5,7
3026,3k,guide,3,7.11,1.71,3,22,21
4868,3k,peak,1,7.11,2.11,16,9,9
5081,3k,plow,6,7.11,2.3,1,17,13
5621,3k,ripe,2,7.11,2.87,6,5,10
5731,3k,rude,9,7.11,2.51,3,5,4
1504,3k,crowd,11,7.14,2.75,24,78,82
7543,3k,threat,1,7.14,2.43,0,1,2
5073,lcnl,plop,3,7.15,4.18,15,4,1
543,3k,booth,2,7.16,1.61,4,12,9
2823,3k,golf,2,7.16,2.61,21,21,11
3990,3k,limb,2,7.16,2.39,6,8,8
3994,3k,limp,2,7.16,2.14,5,7,9
72,lcnl,ark,2,7.17,3.33,0,1,3
2573,3k,fuel,4,7.17,2.79,8,21,24
3899,3k,lean,8,7.17,2.66,1,11,13
5062,3k,pledge,1,7.17,2.46,0,2,2
5493,3k,raw,4,7.17,2.71,1,10,16
6053,3k,serve,6,7.17,2.12,4,11,12
7379,3k,tank,16,7.17,2.36,51,41,34
7730,3k,tour,1,7.17,2.36,0,3,5
2467,3k,forth,32,7.17019,2.6,15,37,51
2363,3k,flock,2,7.18,2.9,13,16,18
2748,unl,glazed,1,7.19,2.23,0,1,1
6657,3k,soot,1,7.2,2.8,0,0,0
1767,3k,dive,4,7.21,2.53,10,28,18
2300,lcnl,flap,15,7.21,3.07,2,7,5
599,3k,braid,1,7.22,3.67,0,1,1
1476,3k,crisp,5,7.22,2.84,1,1,3
4532,lcnl,mutt,1,7.22,2.02,3,1,0
7390,3k,tar,2,7.22,2.62,7,3,4
7505,3k,thief,4,7.22,2.21,5,15,15
910,3k,cast,5,7.24,3.16,4,11,20
8147,3k,wart,3,7.25,1.97,0,0,1
150,3k,bald,1,7.26,3.35,18,5,6
2118,3k,fame,1,7.26,2.49,0,1,2
6434,3k,slim,2,7.26,2.42,7,4,10
7016,3k,stem,1,7.26,2.6,2,9,11
7283,3k,sweat,1,7.26,3.26,6,15,18
1183,3k,cliff,3,7.27676,1.51,52,25,24
4840,3k,patch,8,7.28,2.63,22,31,21
5458,3k,ramp,1,7.28,1.84,0,3,4
5645,3k,rob,13,7.28,2.78,102,10,8
7566,3k,throne,11,7.28,2.32,3,4,8
2863,3k,grace,19,7.287417,2.87,1,7,15
3041,3k,gulp,3,7.29,3.39,1,1,4
2235,3k,fin,1,7.3,3.36,71,11,1
7826,3k,trot,11,7.3,2.23,3,4,4
7535,3k,though,36,7.319388,1.8,67,193,304
6042,3k,sense,5,7.32,2.31,16,40,61
6905,lcnl,squid,2,7.32,3.46,0,8,3
7881,3k,tune,9,7.32,3.07,9,13,18
24,3k,aid,3,7.33,2.2,1,12,11
987,3k,chat,1,7.33,2.43,1,2,2
2908,3k,grease,2,7.33,2.09,0,5,10
4417,3k,mole,4,7.33,3.02,35,30,4
4727,3k,oil,10,7.33,2.63,48,58,79
6126,3k,shed,6,7.33,2.35,25,22,28
6286,3k,sill,2,7.33,2.57,3,5,4
8501,3k,yank,1,7.33,3.06,0,0,1
1378,3k,course,59,7.340702,1.96,92,203,278
3805,3k,lad,4,7.35,2.18,25,19,14
4705,3k,oak,3,7.35,1.79,16,31,31
5226,3k,price,1,7.35,2.78,15,18,24
5463,3k,ranch,3,7.35,2.62,31,27,27
6770,3k,spine,1,7.35,2.03,0,3,3
1120,3k,clam,2,7.37,2.22,0,7,9
1708,lcnl,dew,2,7.37,2.59,0,7,6
5024,3k,plain,17,7.37,3.04,15,35,48
8289,3k,whirl,1,7.37,2.03,7,2,3
6273,3k,sigh,15,7.39,2.35,6,15,18
6284,3k,silk,9,7.39,2.5,8,14,18
7053,3k,stitch,1,7.39,2.33,5,2,2
2388,3k,flow,1,7.4,1.9,1,10,19
7238,3k,surf,1,7.4,1.67,10,4,3
2306,lcnl,flash,2,7.42,2.46,42,41,32
6602,3k,snort,14,7.42,3.64,0,1,3
7291,3k,swell,1,7.42,3.08,4,9,5
2832,lcnl,goods,1,7.436615,2.99,5,12,31
5416,3k,quite,77,7.436615,2.54,35,138,186
2239,3k,fine,56,7.44,2.68,223,212,177
2874,3k,grain,4,7.44,2.41,12,28,31
5480,3k,rare,2,7.45,2.42,3,7,9
395,3k,blaze,25,7.47,2.37,0,1,4
1568,3k,curse,2,7.47,2.67,0,0,3
2344,3k,flight,3,7.47,4.15,6,14,23
2523,lcnl,fried,5,7.47,2.67,1,10,8
3170,3k,heal,1,7.47,2.27,2,3,2
4714,lcnl,oats,5,7.4899,2.69,7,5,8
973,3k,charge,9,7.5,3.2,21,25,38
5372,3k,quart,1,7.5,1.79,0,3,3
1571,3k,curve,1,7.52,3.71,7,11,16
8432,3k,wound,5,7.52,2.73,6,9,24
1025,3k,chief,6,7.53,2.86,17,55,64
1961,3k,due,1,7.53,3.03,0,6,6
2104,3k,faint,6,7.53,2.12,4,9,21
2528,3k,fright,3,7.53,3.04,1,5,7
5810,3k,sap,1,7.53,3.64,29,18,11
6185,3k,shock,2,7.53,2.32,0,10,15
7263,3k,swap,9,7.53,3.36,15,4,5
8347,3k,will,485,7.53,2.87,4845,2333,1948
4250,lcnl,mars,7,7.543185,1.73,0,11,13
3126,3k,harp,1,7.55,3.59,0,3,5
1460,3k,crew,1,7.56,2.66,12,28,33
2443,3k,fool,8,7.56,3.05,33,44,37
3173,3k,health,1,7.56,4.03,2,6,31
5697,3k,rot,1,7.57,2.27,0,1,3
2463,3k,form,5,7.58,2.97,17,45,100
3147,3k,haul,3,7.58,2.5,2,5,6
5625,3k,risk,1,7.58,2.14,1,5,15
6762,3k,spike,11,7.58,3.67,0,9,6
7117,3k,stray,2,7.58,2.27,0,9,5
7185,3k,stump,7,7.58,2.61,6,8,8
7198,3k,style,1,7.58,2.19,0,5,10
7370,3k,tame,2,7.58,2.06,4,5,5
4611,3k,nick,6,7.585813,2.04,79,44,9
981,3k,chart,1,7.59,2.92,18,21,22
8453,3k,wreck,1,7.59,2.06,0,4,4
5997,3k,seam,1,7.6,1.88,0,0,0
1479,3k,croak,4,7.61,3.24,11,0,1
6945,3k,stale,1,7.61,2.03,1,1,1
6967,3k,stare,2,7.61,3.03,2,11,13
2915,3k,greed,1,7.63,2.27,0,0,0
7590,3k,thump,49,7.63,3.9,18,12,10
4350,3k,mile,8,7.65,2.21,8,27,37
8365,3k,wink,5,7.65,4.57,9,6,5
8401,3k,wont,5,7.65,4.3,0,1,1
1469,3k,crime,1,7.67,3.2,0,3,12
1610,3k,damp,3,7.67,2.11,11,21,25
2486,3k,frame,2,7.67,2.68,9,17,26
5246,3k,print,2,7.67,2.99,4,10,17
8130,3k,war,8,7.67,1.75,40,66,83
8535,3k,yelp,2,7.67,2.22,0,3,1
1106,3k,chute,3,7.68,2.43,1,4,4
7004,3k,steel,7,7.68,2.45,19,22,32
4089,3k,loose,10,7.71,3.64,18,40,51
4474,lcnl,mound,1,7.71,2.71,0,4,6
614,3k,brand,4,7.72,2.35,3,5,4
806,3k,burst,8,7.72,2.7,8,29,37
4396,3k,moan,2,7.72,3.69,1,1,2
1192,3k,cling,1,7.74,3.38,0,0,1
1632,3k,dash,2,7.74,2.92,1,6,10
2471,3k,foul,1,7.75,2.15,3,2,4
5759,3k,rust,3,7.75,2.9,5,1,2
6949,3k,stall,1,7.75,2.79,5,9,15
7142,3k,strike,5,7.75,2.34,0,12,23
8350,3k,wilt,3,7.76,2.49,0,3,1
7688,lcnl,tongs,2,7.777639,2.55,1,0,1
960,3k,chance,14,7.78,2.1,51,90,100
3345,3k,hoot,5,7.78,5.06,53,0,0
4029,3k,load,10,7.78,2.39,10,25,27
8026,3k,vet,7,7.78,4.47,10,7,3
2320,3k,flea,6,7.79,2.97,13,14,4
3175,3k,heap,3,7.79,3.17,3,8,10
7120,3k,streak,1,7.79,2.66,1,3,4
7298,3k,swift,2,7.79,2.44,0,4,6
1508,3k,crown,8,7.8,3.35,7,8,8
2159,3k,feast,9,7.81,3.91,3,17,17
7160,3k,stroll,2,7.83,1.47,3,4,3
1488,3k,crook,1,7.84,2.65,1,0,3
5034,3k,plank,2,7.84,2.81,1,3,3
5279,3k,prove,8,7.84,2.59,7,17,20
6398,3k,slave,1,7.84,2.03,8,20,21
7709,3k,torch,2,7.84,4,5,1,4
3200,3k,heel,1,7.85,2.72,1,6,4
3759,3k,knit,7,7.86,2.95,1,2,3
1968,3k,duke,10,7.89,2.96,0,8,12
5442,3k,rail,3,7.89,2.99,6,8,9
7984,3k,vase,2,7.89,2.59,1,2,3
4883,3k,peck,5,7.894866,4.03,0,4,3
8359,3k,wine,8,7.9,2.95,2,11,16
4629,3k,nip,1,7.94,3.11,0,0,0
2640,3k,gash,1,7.95,2.99,0,0,1
5330,3k,pure,1,7.95,3.34,2,6,18
6712,3k,spark,2,7.95,2.37,0,3,3
7256,3k,swamp,21,7.95,2.31,13,21,13
398,lcnl,bleach,1,8,3.25,0,1,0
513,3k,bomb,1,8,2.49,0,1,3
1449,3k,creep,6,8,2.38,11,11,9
3861,3k,latch,3,8,3.28,8,4,4
6814,3k,spool,1,8,3.2,7,2,1
6827,3k,spout,1,8,3.36,1,3,3
6874,3k,spy,13,8,2.81,3,8,10
7008,3k,steep,4,8,2.38,13,18,23
8546,3k,yield,1,8,2.45,0,0,0
1970,3k,dull,3,8.05,2.46,30,17,19
2642,3k,gasp,1,8.05,2.12,1,4,5
3366,3k,host,2,8.05,2.7,0,2,3
4349,3k,mild,3,8.05,2.56,1,4,5
7583,3k,thud,7,8.06,2.84,1,5,6
8408,3k,wool,3,8.06,3.02,30,23,29
1435,3k,creak,3,8.1,3.57,0,3,3
775,3k,bum,1,8.11,3.3,1,4,3
1281,3k,code,3,8.11,2.79,4,7,5
5176,3k,post,4,8.11,3,17,28,38
6697,3k,spade,2,8.11,2.63,1,3,1
3056,3k,gust,2,8.12,2.57,0,0,2
7035,3k,stiff,4,8.16,2.34,21,18,24
4355,3k,mill,2,8.17,2.62,19,17,22
4997,3k,pipe,7,8.17,2.23,42,37,21
5866,3k,scene,3,8.17,3.84,0,6,20
5945,3k,screech,15,8.17,2.96,0,3,5
8021,3k,verse,1,8.17,2.98,0,1,1
6564,3k,snatch,1,8.18,3.19,0,2,3
2436,3k,folk,2,8.19,2.96,0,2,8
2893,3k,grasp,1,8.2,2.12,1,2,6
2127,3k,fare,2,8.21,3.01,1,2,3
2224,3k,file,1,8.21,2.78,6,3,9
4773,3k,pace,1,8.21,2.57,0,3,11
5099,3k,plump,6,8.21,3.14,6,6,5
7430,3k,tee,1,8.21,2.94,1,0,4
11,lcnl,ad,4,8.22,3.04,10,8,8
485,3k,boast,2,8.22,2.13,0,1,4
1775,3k,dock,3,8.22,3.87,31,17,13
2629,3k,gap,2,8.22,1.93,6,2,6
4894,3k,peep,35,8.22,3.44,2,4,1
68,3k,arch,2,8.26,3.11,1,6,4
5057,lcnl,pleased,5,8.26,3.18,24,58,60
5748,3k,rung,1,8.267861,2.68,5,3,3
3802,3k,lack,1,8.28,2.49,0,5,9
4297,lcnl,means,37,8.289175,3.31,91,140,182
1006,3k,chef,1,8.3,4.6,0,0,2
7850,3k,trunk,15,8.3,3.11,19,33,32
3543,3k,jerk,1,8.31,3.04,0,5,7
5456,3k,ram,7,8.32,3.33,0,3,1
2328,3k,flee,2,8.33,2.72,0,1,1
6709,3k,spare,1,8.35,2.39,2,12,15
8313,3k,whom,4,8.353117,2.77,6,20,33
2953,3k,grind,4,8.37,2.95,4,3,3
3218,3k,hem,1,8.37,2.5,0,2,1
4994,3k,pint,2,8.37,3.42,0,0,1
5251,unl,prized,1,8.37,3.3,0,0,1
7553,3k,thrill,1,8.37,2.17,0,1,2
7674,3k,toll,5,8.37,2.43,0,0,1
1380,3k,court,4,8.39,2.62,3,24,32
6659,3k,soothe,2,8.4,2.66,0,0,0
716,3k,brook,4,8.42,3.69,24,15,8
4513,lcnl,mumps,2,8.42,3.17,3,0,1
6082,3k,shall,97,8.42,2.57,62,114,131
7761,3k,tramp,1,8.42,3.17,17,25,8
679,3k,brief,2,8.44,2.64,0,1,7
1798,3k,dome,4,8.44,2.99,0,0,5
2415,3k,foal,3,8.44,2.48,13,0,3
3944,3k,lend,5,8.45,2.33,28,10,5
2410,3k,flute,9,8.47,2.22,10,10,7
4669,3k,notch,1,8.47,2.44,0,0,0
6732,3k,speck,19,8.48,3.61,4,5,3
4071,3k,lone,1,8.5,2.43,0,1,2
5643,3k,roast,4,8.5,3.62,1,4,7
1774,lcnl,doc,3,8.53,4.93,26,15,5
4476,3k,mount,1,8.53,3.27,0,6,10
5892,lcnl,scold,4,8.53,3.27,0,2,3
6498,3k,sly,2,8.55,1.88,7,6,3
2165,3k,fee,1,8.56,2.55,1,0,1
7836,3k,trout,2,8.56,3.36,0,5,8
8619,lcnl,zoom,13,8.57,3.3,13,4,3
5636,3k,roam,1,8.58,2.87,0,1,3
1004,lcnl,cheers,4,8.587917,3.83,3,3,4
4658,3k,nor,6,8.608885,2.16,21,26,53
4761,lcnl,owe,1,8.61,3.66,3,7,5
5194,lcnl,pox,3,8.61,2.66,3,2,1
8167,unl,waxed,1,8.61,4.45,0,1,1
1250,3k,clump,3,8.62,3.04,9,4,5
6316,3k,site,2,8.63,3.09,0,0,2
7101,3k,strain,1,8.63,2.14,1,2,6
7734,3k,tow,7,8.63,3.53,1,5,2
232,3k,bay,3,8.67,2.52,5,26,30
4271,3k,mate,1,8.67,2.99,5,13,13
6437,3k,sling,1,8.67,2.68,2,1,1
6458,3k,slope,2,8.67,2.43,2,9,16
3417,3k,hunch,2,8.68,3.68,0,0,0
7267,3k,swarm,4,8.68,1.8,2,1,1
5616,3k,rink,1,8.69,2.94,8,4,3
2968,3k,groan,2,8.7,2.7,0,3,3
5972,3k,scrub,6,8.7,5.69,1,3,3
3796,3k,lab,3,8.71,2.9,2,4,5
3306,3k,hoe,2,8.72,2.95,5,7,6
6002,3k,search,6,8.72,3.34,0,13,42
1992,3k,dusk,1,8.74,1.82,1,3,6
5789,3k,sake,8,8.74,3.36,2,10,11
7193,3k,stunt,1,8.74,3,0,5,4
2248,3k,fir,2,8.75,2.38,7,3,2
8177,3k,wealth,2,8.76,3.08,0,2,5
247,3k,beam,3,8.78,2.9,8,8,11
1831,3k,doubt,2,8.79,3.26,2,15,22
5436,3k,rage,1,8.79,3.21,0,2,7
1226,3k,clothe,1,8.83,2.73,0,0,0
4780,3k,pad,2,8.83,3.01,39,7,9
7629,3k,tilt,3,8.83,3.6,0,0,2
1854,3k,drag,2,8.84,5.4,6,6,13
4239,3k,mare,7,8.84,3.88,0,7,9
5588,3k,ridge,1,8.84,2.48,2,7,13
6346,lcnl,skim,1,8.84,3.22,0,0,1
7934,3k,twitch,2,8.84,2.5,0,1,2
3620,3k,judge,10,8.85,2.66,11,26,32
27,lcnl,aids,2,8.89,2.51,0,0,0
1896,3k,drift,2,8.89,3.48,0,6,4
4790,unl,pained,1,8.89,3.16,0,0,1
6801,lcnl,spoils,1,8.89,3.21,0,0,1
7389,3k,taps,9,8.9,3.51,6,1,1
549,3k,bore,4,8.907281,4.64,0,2,4
1739,3k,dine,1,8.95,4.02,1,1,1
5232,3k,pride,1,8.95,3.52,0,3,13
5743,3k,rump,2,8.95,3.8,0,0,1
1302,3k,colt,2,8.98188,2.56,1,24,19
567,3k,bound,1,9,3.09,0,7,11
724,3k,broth,3,9,3.73,0,0,0
1103,3k,churn,3,9,4.02,3,3,1
2665,3k,gaze,2,9,3.2,0,2,8
3273,3k,hire,1,9,2.13,4,7,6
6629,3k,sob,1,9,4.34,2,2,4
2213,3k,fierce,4,9.04,3.07,0,13,15
621,3k,brass,5,9.05,3.54,1,8,9
1352,3k,cork,7,9.05,3.24,0,4,4
3227,3k,herb,1,9.05,2.97,0,0,1
5184,lcnl,pounce,3,9.06,3.15,0,0,3
4313,3k,mend,7,9.11,3.62,10,5,5
6854,3k,sprout,1,9.11,4.8,5,6,3
7377,3k,tang,2,9.11,4.48,0,0,0
7957,3k,urge,1,9.11,3.02,0,0,1
5529,3k,reel,3,9.12,4.08,0,1,2
2946,3k,grim,2,9.16,2.59,2,4,3
4922,3k,perch,1,9.16,3.45,1,4,5
6791,lcnl,splint,1,9.16,2.63,0,0,0
7593,3k,thus,4,9.19502,2.41,1,1,11
508,3k,bold,3,9.21,2.68,2,5,6
2438,3k,fond,11,9.21,2.42,9,7,12
3264,3k,hind,10,9.21,3.47,1,8,15
3823,3k,lame,1,9.21,2.78,2,1,2
4478,3k,mourn,1,9.21,2.97,0,1,1
6681,3k,source,1,9.21,2.88,0,2,9
2626,3k,gang,13,9.22,3.28,12,10,16
2738,3k,glance,5,9.22,2.76,0,9,16
7057,3k,stock,1,9.22,3.44,2,3,6
863,3k,cam,1,9.226991,2.85,8,8,4
815,3k,bust,2,9.23,4.13,0,1,1
1093,3k,chum,1,9.24,2.51,6,2,1
753,3k,budge,2,9.25,3.24,0,2,3
929,3k,cease,1,9.26,2.51,0,0,1
1943,3k,drunk,2,9.26,3.31,6,9,7
4415,3k,mold,1,9.26,2.73,0,1,4
4690,3k,numb,1,9.26,3.93,5,3,7
5765,3k,rye,4,9.26,3.77,0,1,2
185,3k,barge,1,9.28,3.37,5,6,2
3394,3k,huff,1,9.28,3.3,13,3,0
6426,3k,slick,2,9.3,2.99,0,2,1
2661,3k,gay,14,9.32,2.31,0,2,4
3358,unl,horned,1,9.32,4.83,10,4,2
2742,3k,glare,1,9.33,3.14,0,3,4
7557,3k,thrive,1,9.35,2.16,0,0,0
499,3k,bog,1,9.37,3,5,0,0
3280,3k,hitch,4,9.39,4.39,3,1,2
3808,3k,lag,1,9.39,2.57,0,0,0
3256,3k,hike,2,9.4,3.65,7,8,9
4940,3k,phase,1,9.4,2.88,0,0,0
8092,3k,wail,2,9.41,3.71,0,1,4
5223,3k,prey,1,9.42,2.97,0,0,1
5468,3k,rank,1,9.42,2.04,0,0,1
1814,3k,dope,2,9.44,3.33,2,7,5
1879,3k,dread,1,9.44,2.73,0,1,5
7025,lcnl,stern,1,9.47,2.76,0,3,7
1127,3k,clang,19,9.53,3.74,12,5,4
4414,3k,moist,1,9.55,3.24,0,3,11
3208,3k,heir,1,9.56,2.91,1,0,0
4035,3k,loan,1,9.57,3.37,0,2,4
1561,3k,cure,3,9.58,3.92,1,4,6
6626,lcnl,soar,2,9.58,3.53,1,1,0
7278,3k,sway,1,9.58,2.34,0,1,1
4753,3k,ought,9,9.62,2.63,14,34,41
3129,3k,hart,2,9.6213,4.04,10,0,0
5313,3k,pulp,1,9.63,2.83,0,0,2
1979,3k,dune,3,9.65,2.6,5,8,1
3482,3k,isle,1,9.65,4.68,0,0,0
4399,lcnl,moat,1,9.65,3.08,0,0,0
1289,3k,coil,1,9.67,3.6,0,1,2
6687,3k,sow,2,9.67,3.79,0,3,7
114,lcnl,aye,3,9.685242,3.78,2,7,8
8001,3k,veil,1,9.69,3.84,0,0,1
1674,3k,deed,1,9.72,3.86,2,3,4
7076,3k,stoop,1,9.76,3.6,0,5,12
3737,3k,knack,1,9.78,2.76,0,0,1
5086,3k,pluck,3,9.78,3.41,0,1,1
481,3k,boar,2,9.83,3.82,0,1,3
323,3k,bid,3,9.84,3.3,0,1,2
7873,lcnl,tuft,2,9.87,2.75,8,1,0
7315,lcnl,swish,27,9.89,5.84,19,3,2
8184,3k,weave,2,9.89,4.51,5,10,10
178,unl,barbed,1,10,3.5,0,0,0
968,3k,chap,1,10,2.13,1,1,1
6926,3k,staff,1,10,3.4,0,1,5
1822,3k,dose,1,10.1,3.61,0,1,1
1917,3k,droop,1,10.12,3.84,1,0,0
7091,3k,stout,6,10.12,2.78,8,2,5
42,3k,ale,2,10.16,4.31,0,2,1
3496,3k,jade,2,10.17,2.57,12,4,1
2329,unl,fleece,2,10.2,3.81,0,0,1
4091,3k,loot,2,10.21,3.68,1,1,0
5053,3k,plead,1,10.22,3.9,0,0,0
1257,3k,clutch,2,10.24,2.43,1,1,1
8384,lcnl,wits,1,10.250063,3.35,0,2,2
2138,3k,fate,1,10.3,2.83,0,1,2
4568,3k,nay,3,10.314005,3.36,0,0,2
103,unl,awed,1,10.41,3.14,0,0,0
6528,3k,smog,3,10.47,4.11,1,0,2
700,3k,broad,3,10.5,3.63,4,11,24
5853,3k,scarce,1,10.53,2.84,0,2,5
2513,3k,freight,38,10.56,3.45,0,5,5
2618,3k,gale,1,10.569773,2.62,6,0,1
7981,lcnl,vane,1,10.58,3.11,0,0,0
2854,3k,gourd,4,10.65,2.98,0,1,4
7758,3k,trait,1,10.65,3.03,0,0,1
4996,3k,pip,26,10.687,5.73,11,7,4
3661,3k,keen,2,10.7,1.56,0,1,5
7305,3k,swine,4,10.7,4.66,0,0,0
8131,3k,ward,1,10.72,2.89,0,2,6
8133,3k,ware,1,10.740285,4.48,1,0,0
2001,3k,dwell,6,10.78,3.61,1,0,0
1718,3k,dick,1,10.89,2.99,26,39,35
400,3k,bleak,1,10.94,3.33,0,0,1
7212,3k,sue,9,11,3.5,123,59,21
3198,3k,heed,1,11.05,3.33,0,0,0
3924,3k,ledge,1,11.05,5.12,10,6,11
5382,3k,queer,3,11.1,2.79,1,7,11
1513,3k,crude,1,11.11,3.29,0,0,1
2252,3k,firm,2,11.17,3.67,3,8,18
6408,3k,sleek,2,11.17,3.19,1,2,1
4154,3k,lurch,3,11.18,3.26,0,0,0
1414,3k,crank,1,11.25,3.58,2,0,1
2214,3k,fife,1,11.283792,3.97,6,2,3
1277,3k,cock,33,11.32,3.45,0,1,1
5778,3k,sage,1,11.39,4,0,0,1
7670,3k,toil,1,11.39,3.18,0,0,0
5711,3k,route,2,11.4,3.39,5,14,19
6231,3k,shrill,1,11.44,2.83,0,3,5
1280,3k,cod,1,11.5,4.14,1,1,1
5742,3k,rum,4,11.56,3.35,0,2,1
5129,3k,poll,1,11.58,3.83,0,0,1
2537,unl,fritz,24,11.635473,4.2,26,10,6
1801,lcnl,don,3,11.64613,4.08,211,48,16
268,3k,beech,1,11.69,3.14,0,0,1
6777,3k,spite,2,11.699415,4.05,3,6,14
7140,3k,strife,2,11.78,3.26,0,0,0
562,3k,bough,3,11.79,4.73,0,1,2
1604,3k,dame,9,11.79,2.82,0,2,3
6614,lcnl,snuff,2,11.79,4.54,0,0,0
4437,lcnl,moor,1,11.8,2.46,0,0,1
571,3k,bout,6,11.83,2.83,1,2,1
5912,3k,scotch,2,11.83,4.73,0,0,0
2885,3k,grant,1,12.008468,5.13,10,3,5
1860,3k,drake,6,12.07,4.12,0,2,2
6267,3k,siege,2,12.28,3.01,0,0,0
6929,3k,stag,2,12.35,2.98,3,0,0
6268,3k,sieve,3,12.36,2.98,0,0,0
3455,lcnl,id,1,12.41,4.05,0,0,0
2316,3k,flax,1,12.445405,4.36,0,2,3
8603,3k,zinc,1,12.47,3.96,0,0,1
65,3k,apt,1,12.5,4.18,0,0,1
3220,lcnl,hemp,1,12.94,3.35,0,0,0
4001,lcnl,ling,2,13,5,24,5,3
4818,3k,pap,2,13,4.69,1,2,3
1657,3k,dean,1,13.77753,3.78,40,1,6
