word,code
fawn,__fan_____
knelt,__nElt____
foul,__fWl_____
hitch,__hItC____
four,__for_____
hath,__h@T_____
sleep,_slip_____
hate,__het_____
whose,__huz_____
swam,_sw@m_____
swan,_swan_____
bike,__bAk_____
swap,_swap_____
lore,__lor_____
lord,__lord____
sped,_spEd_____
pride,_prAd_____
sway,_swe______
whack,__w@k_____
pact,__p@kt____
lure,__lUr_____
lack,__l@k_____
risk,__rIsk____
void,__vOd_____
rise,__rAz_____
lurk,__l^rk____
dell,__dEl_____
vase,__ves_____
shoot,__Sut_____
smack,_sm@k_____
jack,__J@k_____
sleek,_slik_____
wick,__wIk_____
vast,__v@st____
sleet,_slit_____
school,_skul_____
prize,_prAz_____
pinch,__pInC____
zing,__zIng____
math,__m@T_____
wept,__wEpt____
chew,__Cu______
force,__fors____
speck,_spEk_____
nigh,__nA______
pulse,__p^ls____
horn,__horn____
chef,__SEf_____
crave,_krev_____
street,strit_____
quill,_kwIl_____
blue,_blu______
hide,__hAd_____
christ,_krAst____
wreck,__rEk_____
while,__wAl_____
haze,__hez_____
blur,_bl^r_____
new,__nu______
net,__nEt_____
told,__told____
cull,__k^l_____
crunch,_kr^nC____
niche,__nIC_____
crouch,_krWC_____
nicks,__nIks____
herb,___^rb____
men,__mEn_____
drew,_dru______
herd,__h^rd____
beck,__bEk_____
mew,__mY______
pate,__pet_____
cart,__kart____
cult,__k^lt____
path,__p@T_____
shriek,_Srik_____
dork,__dork____
dry,_drA______
sell,__sEl_____
strewn,strun_____
smoke,_smok_____
hunch,__h^nC____
stray,stre______
straw,stra______
stink,_stInk____
strap,str@p_____
brought,_brat_____
sneer,_snir_____
welch,__wElC____
glance,_gl@ns____
plot,_plat_____
plow,_plW______
ore,___or_____
spoke,_spok_____
would,__wUd_____
gloss,_glas_____
plod,_plad_____
call,__kal_____
calm,__kalm____
knoll,__nol_____
strike,strAk_____
type,__tAp_____
tell,__tEl_____
calf,__k@lf____
breathe,_briD_____
mush,__m^S_____
wart,__wort____
bilge,__bIlJ____
muse,__mYz_____
hurt,__h^rt____
grief,_grif_____
glass,_gl@s_____
warm,__worm____
hurl,__h^rl____
muss,__m^s_____
hole,__hol_____
hold,__hold____
pouch,__pWC_____
tweed,_twid_____
must,__m^st____
me,__mi______
rook,__rUk_____
join,__JOn_____
room,__rum_____
err,___Er_____
soils,__sOlz____
blade,_bled_____
worm,__w^rm____
roof,__ruf_____
worth,__w^rT____
vow,__vW______
guise,__gAz_____
root,__rut_____
route,__rut_____
shook,__SUk_____
wand,__wand____
give,__gIv_____
flung,_fl^ng____
want,__want____
fiche,__fiS_____
times,__tAmz____
dyke,__dAk_____
hog,__hag_____
hoe,__ho______
end,___End____
hoc,__hak_____
farce,__fars____
stride,strAd_____
bunk,__b^nk____
how,__hW______
hot,__hat_____
shred,_SrEd_____
bunt,__b^nt____
hop,__hap_____
gate,__get_____
beach,__biC_____
grown,_gron_____
lad,__l@d_____
lag,__l@g_____
lab,__l@b_____
wrong,__rang____
mesh,__mES_____
lax,__l@ks____
lay,__le______
chump,__C^mp____
law,__la______
arch,___arC____
shirt,__S^rt____
sioux,__su______
third,__T^rd____
scourge,_sk^rJ____
spout,_spWt_____
greet,_grit_____
wink,__wInk____
verb,__v^rb____
green,_grin_____
south,__sWT_____
worst,__worst___
wing,__wIng____
greed,_grid_____
wine,__wAn_____
fife,__fAf_____
deck,__dEk_____
sprout,sprWt_____
fall,__fal_____
zen,__zEn_____
ewe,___Y______
sludge,_sl^J_____
wrought,__rat_____
fir,__f^r_____
fit,__fIt_____
fix,__fIks____
thrust,_Tr^st____
crew,_kru______
tramp,_tr@mp____
fig,__fIg_____
fade,__fed_____
strafe,stref_____
carve,__karv____
fin,__fIn_____
shear,__Sir_____
then,__TEn_____
them,__DEm_____
slate,_slet_____
safe,__sef_____
birth,__b^rT____
trail,_trel_____
break,_brek_____
band,__b@nd____
bang,__b@ng____
they,__De______
one,__w^n_____
bank,__b@nk____
bread,_brEd_____
gloom,_glum_____
meat,__mit_____
chuck,__C^k_____
choir,_kwAr_____
mead,__mid_____
roast,__rost____
each,___iC_____
went,__wEnt____
bong,__bang____
meal,__mil_____
bone,__bon_____
bond,__band____
wheel,__wil_____
dour,__dWr_____
whim,__wIm_____
whig,__wIg_____
aide,___ed_____
taught,__tat_____
whiz,__wIz_____
dawn,__dan_____
ward,__word____
whip,__wIp_____
borne,__born____
trench,_trEnC____
snail,_snel_____
god,__gad_____
waive,__wev_____
whoosh,__wuS_____
gob,__gab_____
laid,__led_____
lain,__len_____
got,__gat_____
forth,__forT____
smart,_smart____
grease,_gris_____
whiff,__wIf_____
rail,__rel_____
free,_fri______
hand,__h@nd____
knit,__nIt_____
fret,_frEt_____
aisle,___Al_____
ate,___et_____
days,__dez_____
heck,__hEk_____
fleck,_flEk_____
loud,__lWd_____
caught,__kat_____
rang,__r@ng____
slept,_slEpt____
grade,_gred_____
wasp,__wasp____
hoop,__hup_____
puck,__p^k_____
hoot,__hut_____
hook,__hUk_____
thick,__TIk_____
ditch,__dItC____
hoof,__hUf_____
hood,__hUd_____
dwelt,_dwElt____
toy,__tO______
ten,__tEn_____
hearse,__h^rs____
tow,__to______
ton,__t^n_____
too,__tu______
dwell,_dwEl_____
tog,__tag_____
toe,__to______
gym,__JIm_____
serve,__s^rv____
took,__tUk_____
toot,__tut_____
roar,__ror_____
gyp,__JIp_____
crawl,_kral_____
nail,__nel_____
guild,__gIld____
guile,__gAl_____
hike,__hAk_____
tree,_tri______
guilt,__gIlt____
sheen,__Sin_____
mirth,__m^rT____
prone,_pron_____
bridge,_brIJ_____
mink,__mInk____
seep,__sip_____
quench,_kwEnC____
ram,__r@m_____
mind,__mAnd____
mine,__mAn_____
taint,__tent____
raw,__ra______
rat,__r@t_____
seed,__sid_____
lull,__l^l_____
rap,__r@p_____
quay,__ki______
seem,__sim_____
churn,__C^rn____
mint,__mInt____
spade,_sped_____
ray,__re______
strength,strEngT___
realm,__rElm____
that,__D@t_____
gripe,_grAp_____
snow,_sno______
chest,__CEst____
chess,__CEs_____
hatch,__h@tC____
snob,_snab_____
cleft,_klEft____
blouse,_blWs_____
shall,__S@l_____
sue,__su______
mouth,__mWT_____
zounds,__zWndz___
phase,__fez_____
coil,__kOl_____
drought,_drWt_____
coin,__kOn_____
grave,_grev_____
glow,_glo______
grove,_grov_____
foist,__fOst____
flop,_flap_____
flow,_flo______
dog,__dag_____
doe,__do______
swamp,_swamp____
yang,__y@ng____
aunt,___ant____
flog,_flag_____
dow,__dW______
came,__kem_____
yank,__y@nk____
bomb,__bam_____
pope,__pop_____
stool,_stul_____
probe,_prob_____
pave,__pev_____
lurch,__l^rC____
gauge,__geJ_____
queer,_kwir_____
earth,___^rT____
bail,__bel_____
toast,__tost____
stoop,_stup_____
peck,__pEk_____
spite,_spAt_____
quaint,_kwent____
buss,__b^s_____
yen,__yEn_____
myth,__mIT_____
bust,__b^st____
bush,__bUS_____
bliss,_blIs_____
rich,__rIC_____
lodge,__laJ_____
rice,__rAs_____
do,__du______
waltz,__walts___
stow,_sto______
stop,_stap_____
coast,__kost____
smug,_sm^g_____
earl,___^rl____
bat,__b@t_____
bar,__bar_____
bas,__ba______
bay,__be______
bag,__b@g_____
bad,__b@d_____
stead,_stEd_____
troop,_trup_____
rung,__r^ng____
ban,__b@n_____
steak,_stek_____
steal,_stil_____
steam,_stim_____
ghoul,__gul_____
blew,_blu______
fair,__fEr_____
wrest,__rEst____
nut,__n^t_____
nun,__n^n_____
bled,_blEd_____
toes,__toz_____
fail,__fel_____
weird,__wird____
shill,__SIl_____
yes,__yEs_____
best,__bEst____
said,__sEd_____
scrap,skr@p_____
sail,__sel_____
mud,__m^d_____
mug,__m^g_____
score,_skor_____
mum,__m^m_____
drawn,_dran_____
drawl,_dral_____
ire,___Ar_____
side,__sAd_____
terms,__t^rmz___
rolled,__rold____
weak,__wik_____
boss,__bas_____
rime,__rAm_____
here,__hir_____
spurt,_sp^rt____
news,__nuz_____
debt,__dEt_____
laze,__lez_____
cop,__kap_____
cot,__kat_____
cow,__kW______
brat,_br@t_____
coy,__kO______
cox,__kaks____
ill,___Il_____
blimp,_blImp____
pith,__pIT_____
brag,_br@g_____
cod,__kad_____
brad,_br@d_____
bran,_br@n_____
runt,__r^nt____
skill,_skIl_____
tone,__ton_____
pose,__poz_____
vail,__vel_____
vain,__ven_____
height,__het_____
hers,__h^rz____
jays,__Jez_____
speak,_spik_____
putt,__p^t_____
tint,__tInt____
beef,__bif_____
chrome,_krom_____
binge,__bInJ____
beek,__bik_____
three,_Tri______
been,__bIn_____
beep,__bip_____
beer,__bir_____
much,__m^C_____
beet,__bit_____
fry,_frA______
slat,_sl@t_____
threw,_Tru______
dots,__dats____
life,__lAf_____
loft,__laft____
spit,_spIt_____
drugs,_dr^gz____
chum,__C^m_____
joust,__JWst____
lift,__lIft____
hoist,__hOst____
child,__CAld____
catch,__k@tC____
spin,_spIn_____
chill,__CIl_____
dash,__d@S_____
east,___ist____
tank,__t@nk____
sly,_slA______
tang,__t@ng____
air,___Er_____
aim,___em_____
ail,___el_____
near,__nir_____
slam,_sl@m_____
neat,__nit_____
thrash,_Tr@S_____
aid,___ed_____
gave,__gev_____
souse,__sWs_____
cane,__ken_____
broth,_braT_____
sting,_stIng____
shame,__Sem_____
cant,__k@nt____
brake,_brek_____
cone,__kon_____
jest,__JEst____
mouse,__mWs_____
stint,_stInt____
hone,__hon_____
growl,_grWl_____
belle,__bEl_____
make,__mek_____
wound,__wund____
split,splIt_____
hank,__h@nk____
moose,__mus_____
raid,__red_____
fuss,__f^s_____
nil,__nIl_____
swell,_swEl_____
hang,__h@ng____
rain,__ren_____
kit,__kIt_____
nix,__nIks____
fuse,__fYz_____
kin,__kIn_____
nip,__nIp_____
tune,__tun_____
kid,__kId_____
hearth,__harT____
kept,__kEpt____
romp,__ramp____
drip,_drIp_____
the,__D^______
rout,__rWt_____
left,__lEft____
kale,__kel_____
just,__J^st____
sauce,__sas_____
yea,__ye______
bruise,_bruz_____
cape,__kep_____
plight,_plAt_____
yet,__yEt_____
elk,___Elk____
nudge,__n^J_____
ham,__h@m_____
elm,___Elm____
thy,__DA______
ease,___iz_____
had,__h@d_____
hag,__h@g_____
hay,__he______
shout,__SWt_____
spread,sprEd_____
kelp,__kElp____
board,__bord____
has,__h@z_____
hat,__h@t_____
haw,__ha______
quirk,_kw^rk____
barge,__barJ____
judge,__J^J_____
dreamt,_drEmt____
roach,__roC_____
burnt,__b^rnt___
gift,__gIft____
zeal,__zil_____
nude,__nud_____
hunt,__h^nt____
soap,__sop_____
hunk,__h^nk____
sparse,_spars____
night,__nAt_____
hung,__h^ng____
right,__rAt_____
dean,__din_____
creek,_krik_____
crowd,_krWd_____
creed,_krid_____
crown,_krWn_____
dead,__dEd_____
sponge,_sp^nJ____
born,__born____
rile,__rAl_____
sure,__S^r_____
dear,__dir_____
prick,_prIk_____
bore,__bor_____
creep,_krip_____
sprawl,spral_____
dense,__dEns____
trace,_tres_____
for,__for_____
eel,___il_____
fox,__faks____
ice,___As_____
foe,__fo______
squeeze,skwiz_____
fog,__fag_____
trite,_trAt_____
cord,__kord____
core,__kor_____
bold,__bold____
peel,__pil_____
burl,__b^rl____
corn,__korn____
brawn,_bran_____
cork,__kork____
yoke,__yok_____
bolt,__bolt____
burr,__b^r_____
peer,__pir_____
peep,__pip_____
shuck,__S^k_____
chafe,__Cef_____
plum,_pl^m_____
choke,__Cok_____
blithe,_blAT_____
plus,_pl^s_____
twitch,_twItC____
croak,_krok_____
duke,__duk_____
gauze,__gaz_____
froze,_froz_____
sock,__sak_____
float,_flot_____
lien,__lin_____
bound,__bWnd____
fern,__f^rn____
down,__dWn_____
sop,__sap_____
loin,__lOn_____
sow,__so______
soy,__sO______
chime,__CAm_____
lewd,__lud_____
ole,___ol_____
wan,__wan_____
yawn,__yan_____
git,__gIt_____
deal,__dil_____
wag,__w@g_____
wad,__wad_____
frill,_frIl_____
fight,__fAt_____
gig,__gIg_____
stuck,_st^k_____
fought,__fat_____
way,__we______
spring,sprIng____
gin,__JIn_____
tamp,__t@mp____
was,__w^z_____
war,__wor_____
fork,__fork____
starve,_starv____
head,__hEd_____
form,__form____
deaf,__dEf_____
heal,__hil_____
spike,_spAk_____
fore,__for_____
ford,__ford____
heat,__hit_____
hear,__hir_____
heap,__hip_____
beech,__biC_____
true,_tru______
fort,__fort____
duel,__dul_____
slope,_slop_____
spun,_sp^n_____
prowl,_prWl_____
pest,__pEst____
lays,__lez_____
scream,skrim_____
bide,__bAd_____
latch,__l@tC____
dare,__dEr_____
trim,_trIm_____
shin,__SIn_____
shim,__SIm_____
toss,__tas_____
trig,_trIg_____
sale,__sel_____
soothe,__suD_____
gland,_gl@nd____
moll,__mal_____
ship,__SIp_____
face,__fes_____
mold,__mold____
check,__CEk_____
shit,__SIt_____
graft,_gr@ft____
smelt,_smElt____
floor,_flor_____
stake,_stek_____
tip,__tIp_____
flood,_fl^d_____
tin,__tIn_____
shrine,_SrAn_____
role,__rol_____
test,__tEst____
tie,__tA______
smell,_smEl_____
roll,__rol_____
node,__nod_____
tame,__tem_____
sling,_slIng____
toad,__tod_____
why,__wA______
felt,__fElt____
twain,_twen_____
fell,__fEl_____
reign,__ren_____
troupe,_trup_____
spy,_spA______
warn,__worn____
phone,__fon_____
faze,__fez_____
verve,__v^rv____
yacht,__yat_____
prow,_prW______
rough,__r^f_____
teeth,__tiT_____
push,__pUS_____
breadth,_brEdT____
coach,__koC_____
chain,__Cen_____
dance,__d@ns____
skip,_skIp_____
rob,__rab_____
rod,__rad_____
ouch,___WC_____
snip,_snIp_____
mild,__mAld____
mile,__mAl_____
schnook,_SnUk_____
skin,_skIn_____
chair,__CEr_____
rot,__rat_____
midst,__mIdst___
row,__ro______
vet,__vEt_____
ware,__wEr_____
grape,_grep_____
zone,__zon_____
flask,_fl@sk____
graph,_gr@f_____
hump,__h^mp____
pierce,__pirs____
vex,__vEks____
charge,__CarJ____
swoop,_swup_____
tusk,__t^sk____
ride,__rAd_____
brown,_brWn_____
coop,__kup_____
slash,_sl@S_____
jerk,__J^rk____
yeast,__yist____
none,__n^n_____
spate,_spet_____
choice,__COs_____
mourn,__morn____
lynch,__lInC____
cook,__kUk_____
word,__w^rd____
blast,_bl@st____
cool,__kul_____
dim,__dIm_____
din,__dIn_____
peg,__pEg_____
did,__dId_____
die,__dA______
dig,__dIg_____
gun,__g^n_____
gum,__g^m_____
leave,__liv_____
teak,__tik_____
warmth,__wormT___
gut,__g^t_____
quick,_kwIk_____
guy,__gA______
svelte,_svElt____
dip,__dIp_____
round,__rWnd____
shave,__Sev_____
pork,__pork____
brave,_brev_____
says,__sEz_____
trill,_trIl_____
trend,_trEnd____
sigh,__sA______
pore,__por_____
sign,__sAn_____
cost,__kast____
worn,__worn____
port,__port____
hymn,__hIm_____
curse,__k^rs____
posh,__paS_____
spire,_spAr_____
melt,__mElt____
switch,_swItC____
goes,__goz_____
brawl,_bral_____
trot,_trat_____
boost,__bust____
meld,__mEld____
burn,__b^rn____
dwarf,_dworf____
wail,__wel_____
bloke,_blok_____
doubt,__dWt_____
clerk,_kl^rk____
french,_frEnC____
fluke,_fluk_____
slow,_slo______
witch,__wItC____
splice,splAs_____
vice,__vAs_____
hoarse,__hors____
gorge,__gorJ____
sieve,__sIv_____
change,__CenJ____
wait,__wet_____
box,__baks____
boy,__bO______
ref,__rEf_____
stair,_stEr_____
boast,__bost____
bop,__bap_____
shift,__SIft____
bow,__bo______
queue,__kY______
trial,_trAl_____
boo,__bu______
cyst,__sIst____
bob,__bab_____
bog,__bag_____
love,__l^v_____
cloak,_klok_____
till,__tIl_____
verge,__v^rJ____
fake,__fek_____
should,__SUd_____
post,__post____
red,__rEd_____
staid,_sted_____
wealth,__wElT____
prove,_pruv_____
perk,__p^rk____
scan,_sk@n_____
live,__lIv_____
prey,_pre______
slough,_sl^f_____
pert,__p^rt____
scope,_skop_____
thru,_Tru______
prep,_prEp_____
plug,_pl^g_____
sprite,sprAt_____
club,_kl^b_____
cluck,_kl^k_____
clue,_klu______
drown,_drWn_____
stain,_sten_____
fly,_flA______
car,__kar_____
cap,__k@p_____
flu,_flu______
soul,__sol_____
cat,__k@t_____
purge,__p^rJ____
soup,__sup_____
sour,__sWr_____
can,__k@n_____
cam,__k@m_____
cab,__k@b_____
cad,__k@d_____
streak,strik_____
heart,__hart____
sub,__s^b_____
trump,_tr^mp____
stream,strim_____
chip,__CIp_____
fuck,__f^k_____
swarm,_sworm____
heard,__h^rd____
stroke,strok_____
chin,__CIn_____
pond,__pand____
reed,__rid_____
chic,__Sik_____
stole,_stol_____
craze,_krez_____
pink,__pInk____
rays,__rez_____
prod,_prad_____
tilt,__tIlt____
pine,__pAn_____
lounge,__lWnJ____
beat,__bit_____
flank,_fl@nk____
fourth,__forT____
swore,_swor_____
tile,__tAl_____
sworn,_sworn____
pint,__pAnt____
map,__m@p_____
mar,__mar_____
mat,__m@t_____
maw,__ma______
may,__me______
max,__m@ks____
dive,__dAv_____
use,___Yz_____
spot,_spat_____
mad,__m@d_____
date,__det_____
hob,__hab_____
suck,__s^k_____
dove,__dov_____
eighth,___eT_____
man,__m@n_____
stress,strEs_____
crepe,_krep_____
neck,__nEk_____
beam,__bim_____
tale,__tel_____
gap,__g@p_____
jail,__Jel_____
crept,_krEpt____
tall,__tal_____
truce,_trus_____
talk,__talk____
serge,__s^rJ____
cute,__kYt_____
stilt,_stIlt____
shield,__Sild____
nerve,__n^rv____
colt,__kolt____
brain,_bren_____
yearn,__y^rn____
sob,__sab_____
pitch,__pItC____
cold,__kold____
braid,_bred_____
jock,__Jak_____
tore,__tor_____
jig,__JIg_____
swank,_sw@nk____
group,_grup_____
thank,__T@nk____
nymph,__nImf____
torn,__torn____
maid,__med_____
stroll,strol_____
thump,__T^mp____
mail,__mel_____
main,__men_____
non,__nan_____
paunch,__panC____
halt,__halt____
fling,_flIng____
nod,__nad_____
rake,__rek_____
lunch,__l^nC____
flint,_flInt____
half,__h@lf____
not,__nat_____
bath,__b@T_____
hall,__hal_____
nor,__nor_____
wont,__want____
name,__nem_____
clutch,_kl^tC____
drop,_drap_____
flown,_flon_____
rock,__rak_____
square,skwer_____
grouse,_grWs_____
gash,__g@S_____
torch,__torC____
yeah,__y@______
goose,__gus_____
wrap,__r@p_____
gird,__g^rd____
sox,__saks____
girl,__g^rl____
troll,_trol_____
shown,__Son_____
stitch,_stItC____
space,_spes_____
thirst,__T^rst___
mess,__mEs_____
gram,_gr@m_____
thong,__Tang____
siege,__siJ_____
hull,__h^l_____
hulk,__h^lk____
quite,_kwAt_____
quart,_kwort____
mime,__mAm_____
lump,__l^mp____
plea,_pli______
thrice,_TrAs_____
cough,__kaf_____
orb,___orb____
rein,__ren_____
card,__kard____
care,__kEr_____
grist,_grIst____
flare,_flEr_____
punk,__p^nk____
thing,__TIng____
punt,__p^nt____
place,_ples_____
swine,_swAn_____
swing,_swIng____
turf,__t^rf____
hooch,__huC_____
view,__vY______
think,__TInk____
first,__f^rst___
blind,_blAnd____
cheese,__Ciz_____
clause,_klaz_____
crib,_krIb_____
blink,_blInk____
long,__lang____
rink,__rInk____
vote,__vot_____
rind,__rAnd____
ring,__rIng____
drove,_drov_____
creche,_krES_____
size,__sAz_____
sheep,__Sip_____
sheer,__Sir_____
sheet,__Sit_____
wrath,__r@T_____
width,__wItT____
lap,__l@p_____
bite,__bAt_____
breed,_brid_____
draft,_dr@ft____
daunt,__dant____
white,__wAt_____
cite,__sAt_____
friend,_frEnd____
hue,__hY______
hug,__h^g_____
pomp,__pamp____
hub,__h^b_____
cope,__kop_____
hum,__h^m_____
shawl,__Sal_____
wax,__w@ks____
huh,__h^______
snatch,_sn@tC____
hut,__h^t_____
butt,__b^t_____
grunt,_gr^nt____
than,__D@n_____
wide,__wAd_____
serf,__s^rf____
ooze,___uz_____
were,__w^r_____
oath,___oT_____
and,___@nd____
lick,__lIk_____
rend,__rEnd____
froth,_fraT_____
pro,_pro______
sag,__s@g_____
lice,__lAs_____
slap,_sl@p_____
sad,__s@d_____
ant,___@nt____
say,__se______
sax,__s@ks____
rent,__rEnt____
sulk,__s^lk____
sap,__s@p_____
pry,_prA______
bait,__bet_____
sat,__s@t_____
squaw,skwa______
clung,_kl^ng____
squat,skwat_____
knead,__nid_____
tsar,__zar_____
zoo,__zu______
note,__not_____
squad,skwad_____
whorl,__worl____
take,__tek_____
haste,__hest____
blunt,_bl^nt____
sect,__sEkt____
surf,__s^rf____
urge,___^rJ____
thug,__T^g_____
frost,_frast____
pain,__pen_____
pail,__pel_____
track,_tr@k_____
price,_prAs_____
knew,__nu______
paid,__ped_____
wire,__wAr_____
tract,_tr@kt____
pair,__pEr_____
knee,__ni______
lawn,__lan_____
angst,___@ngst__
egg,___eg_____
proud,_prWd_____
drive,_drAv_____
tooth,__tuT_____
bade,__bed_____
squint,skwInt____
axe,___@ks____
crank,_kr@nk____
salt,__salt____
shop,__Sap_____
perch,__p^rC____
shot,__Sat_____
show,__So______
cheat,__Cit_____
cheap,__Cip_____
mince,__mIns____
dirge,__d^rJ____
bright,_brAt_____
shod,__Sad_____
shoe,__Su______
hack,__h@k_____
scarce,_skErs____
tend,__tEnd____
line,__lAn_____
fifth,__fIfT____
ground,_grWnd____
slot,_slat_____
gnaw,__na______
slop,_slap_____
dice,__dAs_____
gulf,__g^lf____
gourd,__gord____
plume,_plum_____
dick,__dIk_____
gull,__g^l_____
jolt,__Jolt____
crime,_krAm_____
gulp,__g^lp____
sloe,_slo______
wood,__wUd_____
black,_bl@k_____
slob,_slab_____
germs,__g^rmz___
robe,__rob_____
wool,__wUl_____
shrill,_SrIl_____
plump,_pl^mp____
nonce,__nans____
get,__gEt_____
jazz,__J@z_____
clang,_kl@ng____
loath,__loT_____
gee,__Ji______
hedge,__hEJ_____
gem,__JEm_____
gel,__JEl_____
prime,_prAm_____
pimp,__pImp____
yield,__yild____
priest,_prist____
though,__To______
warp,__worp____
pang,__p@ng____
pants,__p@nts___
where,__wEr_____
gout,__gWt_____
pane,__pen_____
burst,__b^rst___
sear,__sir_____
seat,__sit_____
seam,__sim_____
seal,__sil_____
sport,_sport____
ways,__wez_____
glaze,_glez_____
gage,__geJ_____
pump,__p^mp____
hiss,__hIs_____
teens,__tinz____
screen,skrin_____
dome,__dom_____
pluck,_pl^k_____
blame,_blem_____
spare,_spEr_____
broil,_brOl_____
spark,_spark____
comb,__kom_____
come,__k^m_____
tug,__t^g_____
quack,_kw@k_____
oust,___Wst____
vue,__vY______
tuck,__t^k_____
tour,__tor_____
tout,__tWt_____
mane,__men_____
sheaf,__Sif_____
spoil,_spOl_____
terse,__t^rs____
pot,__pat_____
jeans,__Jinz____
pop,__pap_____
rheum,__rum_____
pole,__pol_____
swum,_sw^m_____
boar,__bor_____
freak,_frik_____
pod,__pad_____
poll,__pol_____
tub,__t^b_____
boat,__bot_____
mare,__mEr_____
stretch,strEtC____
west,__wEst____
coupe,__kup_____
breath,_brET_____
barre,__bar_____
gist,__JIst____
with,__wIT_____
squash,skwaS_____
wake,__wek_____
dorm,__dorm____
jute,__Jut_____
case,__kes_____
shaft,__S@ft____
crumb,_kr^m_____
these,__Diz_____
pram,_pr@m_____
mount,__mWnt____
cash,__k@S_____
cask,__k@sk____
trick,_trIk_____
cast,__k@st____
eave,___iv_____
cock,__kak_____
girth,__g^rT____
bathe,__beD_____
vest,__vEst____
brow,_brW______
strait,stret_____
purse,__p^rs____
strain,stren_____
fame,__fem_____
pap,__p@p_____
par,__par_____
pat,__p@t_____
harsh,__harS____
paw,__pa______
pay,__pe______
bowl,__bol_____
same,__sem_____
mole,__mol_____
pad,__p@d_____
pal,__p@l_____
isle,___Al_____
pan,__p@n_____
week,__wik_____
oil,___Ol_____
deft,__dEft____
roost,__rust____
foal,__fol_____
foam,__fom_____
munch,__m^nC____
weed,__wid_____
fruit,_frut_____
lute,__lut_____
two,__tu______
weep,__wip_____
weave,__wiv_____
drain,_dren_____
wane,__wen_____
no,__no______
breeze,_briz_____
solve,__salv____
strive,strAv_____
clod,_klad_____
clog,_klag_____
poach,__poC_____
when,__wEn_____
kilt,__kIlt____
ninth,__nAnT____
clot,_klat_____
kill,__kIl_____
manse,__m@ns____
touch,__t^C_____
speed,_spid_____
blow,_blo______
sprang,sprang____
death,__dET_____
hint,__hInt____
rose,__roz_____
swath,_swaT_____
verse,__v^rs____
bloc,_blak_____
blob,_blab_____
hind,__hAnd____
struck,struk_____
pill,__pIl_____
grip,_grIp_____
ream,__rim_____
grit,_grIt_____
frown,_frWn_____
stunk,_st^nk____
read,__rid_____
stung,_st^ng____
mop,__map_____
mow,__mo______
dark,__dark____
swirl,_sw^rl____
grid,_grId_____
darn,__darn____
mom,__mam_____
mob,__mab_____
snare,_snEr_____
reap,__rip_____
grim,_grIm_____
grin,_grIn_____
clan,_kl@n_____
clam,_kl@m_____
clad,_kl@d_____
twin,_twIn_____
shrink,_SrInk____
nose,__noz_____
clay,_kle______
claw,_kla______
tart,__tart____
clap,_kl@p_____
sharp,__Sarp____
twelve,_twElv____
grub,_gr^b_____
doll,__dal_____
dole,__dol_____
gross,_gros_____
slice,_slAs_____
mood,__mud_____
tote,__tot_____
noon,__nun_____
squire,skwAr_____
slick,_slIk_____
moon,__mun_____
throat,_Trot_____
moot,__mut_____
squirt,skw^rt____
knife,__nAf_____
freed,_frid_____
wheat,__wit_____
skeet,_skit_____
zest,__zEst____
sixth,__sIksT___
zit,__zIt_____
poise,__pOz_____
squall,skwal_____
throw,_Tro______
stone,_ston_____
ace,___es_____
tease,__tiz_____
jeep,__Jip_____
smear,_smir_____
jeer,__Jir_____
fringe,_frInJ____
shrimp,_SrImp____
chop,__Cap_____
whence,__wEns____
wolf,__wUlf____
stand,_st@nd____
chow,__CW______
chive,__CAv_____
luck,__l^k_____
road,__rod_____
tribe,_trAb_____
drab,_dr@b_____
garb,__garb____
strip,strIp_____
wade,__wed_____
dank,__d@nk____
mark,__mark____
your,__yor_____
lob,__lab_____
lisle,__lAl_____
jowl,__JWl_____
log,__lag_____
her,__h^r_____
gleam,_glim_____
glean,_glin_____
there,__TEr_____
hex,__hEks____
brute,_brut_____
stark,_stark____
start,_start____
lop,__lap_____
drank,_dr@nk____
low,__lo______
lot,__lat_____
hem,__hEm_____
hen,__hEn_____
fish,__fIS_____
treat,_trit_____
gibe,__JAb_____
jug,__J^g_____
groan,_gron_____
gore,__gor_____
jut,__J^t_____
lymph,__lImf____
thaw,__Ta______
mice,__mAs_____
rouse,__rWz_____
groat,_grot_____
spice,_spAs_____
pull,__pUl_____
hire,__hAr_____
fraud,_frad_____
rage,__reJ_____
tripe,_trAp_____
ruse,__ruz_____
flirt,_fl^rt____
grouch,_grWC_____
grass,_gr@s_____
pulp,__p^lp____
rust,__r^st____
gone,__gan_____
gong,__gang____
fright,_frAt_____
taste,__test____
deer,__dir_____
deep,__dip_____
deem,__dim_____
file,__fAl_____
creak,_krik_____
deed,__did_____
hound,__hWnd____
flock,_flak_____
film,__fIlm____
fill,__fIl_____
yon,__yan_____
scribe,skrAb_____
tight,__tAt_____
you,__yu______
jell,__JEl_____
poor,__por_____
brash,_br@S_____
met,__mEt_____
peat,__pit_____
bribe,_brAb_____
drift,_drIft____
cove,__kov_____
peal,__pil_____
peak,__pik_____
brass,_br@s_____
spouse,_spWs_____
pool,__pul_____
grudge,_gr^J_____
wife,__wAf_____
thorn,__Torn____
groom,_grum_____
curve,__k^rv____
mash,__m@S_____
mast,__m@st____
mass,__m@s_____
smirk,_sm^rk____
caste,__k@st____
retch,__rEtC____
all,___al_____
snout,_snWt_____
lace,__les_____
vile,__vAl_____
gown,__gWn_____
ale,___el_____
sunk,__s^nk____
slung,_sl^ng____
disc,__dIsk____
zinc,__zInk____
dish,__dIS_____
disk,__dIsk____
wash,__waS_____
sung,__s^ng____
glimpse,_glImps___
corps,__kor_____
tail,__tel_____
those,__Doz_____
smile,_smAl_____
crest,_krEst____
norm,__norm____
sound,__sWnd____
fay,__fe______
worse,__w^rs____
song,__sang____
far,__far_____
tent,__tEnt____
fat,__f@t_____
roe,__ro______
scout,_skWt_____
fan,__f@n_____
scour,_skWr_____
clench,_klEnC____
fad,__f@d_____
list,__lIst____
large,__larJ____
sang,__s@ng____
sand,__s@nd____
sane,__sen_____
tong,__tang____
small,_smal_____
sank,__s@nk____
flick,_flIk_____
ass,___@s_____
fence,__fEns____
tea,__ti______
clinch,_klInC____
tee,__ti______
past,__p@st____
strung,strung____
rate,__ret_____
phage,__feJ_____
pass,__p@s_____
mill,__mIl_____
hick,__hIk_____
will,__wIl_____
dial,__dAl_____
stood,_stUd_____
gunk,__g^nk____
clock,_klak_____
sun,__s^n_____
sum,__s^m_____
crust,_kr^st____
brief,_brif_____
milk,__mIlk____
crush,_kr^S_____
sup,__s^p_____
nurse,__n^rs____
plush,_pl^S_____
womb,__wum_____
full,__fUl_____
hash,__h@S_____
loose,__lus_____
vale,__vel_____
mule,__mYl_____
wild,__wAld____
pub,__p^b_____
trunk,_tr^nk____
strong,strang____
hasp,__h@sp____
thrift,_TrIft____
search,__s^rC____
whine,__wAn_____
through,_Tru______
pick,__pIk_____
vie,__vA______
glitch,_glItC____
snug,_sn^g_____
gosh,__gaS_____
faint,__fent____
wield,__wild____
puke,__pYk_____
pearl,__p^rl____
splash,spl@S_____
raft,__r@ft____
pus,__p^s_____
more,__mor_____
flat,_fl@t_____
flaw,_fla______
door,__dor_____
thus,__T^s_____
brisk,_brIsk____
flax,_fl@ks____
flag,_fl@g_____
stick,_stIk_____
broke,_brok_____
suite,_swit_____
known,__non_____
doom,__dum_____
glad,_gl@d_____
town,__tWn_____
grill,_grIl_____
berth,__b^rT____
gauche,__goS_____
hour,___Wr_____
malt,__malt____
mall,__mal_____
nine,__nAn_____
den,__dEn_____
learn,__l^rn____
grope,_grop_____
male,__mel_____
shark,__Sark____
prompt,_prampt___
cowl,__kWl_____
snuck,_sn^k_____
share,__SEr_____
shard,__Sard____
pons,__panz____
louse,__lWs_____
sphere,_sfir_____
sense,__sEns____
phrase,_frez_____
scar,_skar_____
dress,_drEs_____
string,strIng____
huge,__hYJ_____
needs,__nidz____
court,__kort____
goal,__gol_____
rye,__rA______
goad,__god_____
cling,_klIng____
sprig,sprIg_____
scorn,_skorn____
stir,_st^r_____
goat,__got_____
mould,__mold____
bleat,_blit_____
plant,_pl@nt____
tried,_trAd_____
rude,__rud_____
sneak,_snik_____
plane,_plen_____
blood,_bl^d_____
numb,__n^m_____
gasp,__g@sp____
bloom,_blum_____
plank,_pl@nk____
bleak,_blik_____
alps,___@lps___
chute,__Sut_____
short,__Sort____
coax,__koks____
coat,__kot_____
taut,__tat_____
coal,__kol_____
shore,__Sor_____
dread,_drEd_____
shade,__Sed_____
dream,_drim_____
help,__hElp____
pant,__p@nt____
sloop,_slup_____
slouch,_slWC_____
soon,__sun_____
trade,_tred_____
held,__hEld____
dough,__do______
brim,_brIm_____
soot,__sUt_____
helm,__hElm____
hell,__hEl_____
brig,_brIg_____
its,___Its____
style,_stAl_____
glide,_glAd_____
pray,_pre______
late,__let_____
dross,_dras_____
speech,_spiC_____
bout,__bWt_____
might,__mAt_____
lath,__l@T_____
wry,__rA______
fool,__ful_____
good,__gUd_____
food,__fud_____
goon,__gun_____
blight,_blAt_____
rank,__r@nk____
foot,__fUt_____
rant,__r@nt____
drake,_drek_____
bless,_blEs_____
tear,__tEr_____
blest,_blEst____
found,__fWnd____
clamp,_kl@mp____
harm,__harm____
hark,__hark____
weight,__wet_____
house,__hWs_____
hare,__hEr_____
hard,__hard____
eve,___iv_____
fist,__fIst____
hart,__hart____
heave,__hiv_____
harp,__harp____
praise,_prez_____
since,__sIns____
hilt,__hIlt____
health,__hElT____
hill,__hIl_____
print,_prInt____
quince,_kwIns____
nest,__nEst____
dunk,__d^nk____
pun,__p^n_____
drink,_drInk____
bass,__b@s_____
dirt,__d^rt____
team,__tim_____
dung,__d^ng____
guess,__gEs_____
dune,__dun_____
base,__bes_____
dire,__dAr_____
thine,__TAn_____
ask,___@sk____
teach,__tiC_____
ash,___@S_____
pup,__p^p_____
bash,__b@S_____
guest,__gEst____
thrown,_Tron_____
thread,_TrEd_____
launch,__lanC____
threat,_TrEt_____
blush,_bl^S_____
clump,_kl^mp____
top,__tap_____
feed,__fid_____
dine,__dAn_____
swipe,_swAp_____
feel,__fil_____
feet,__fit_____
dust,__d^st____
dint,__dInt____
done,__d^n_____
shoal,__Sol_____
blank,_bl@nk____
bland,_bl@nd____
mist,__mIst____
miss,__mIs_____
moan,__mon_____
horse,__hors____
jew,__Ju______
jet,__JEt_____
script,skrIpt____
grime,_grAm_____
least,__list____
stork,_stork____
paint,__pent____
leash,__liS_____
saint,__sent____
scheme,_skim_____
store,_stor_____
lease,__lis_____
pare,__pEr_____
storm,_storm____
park,__park____
part,__part____
crop,_krap_____
weld,__wEld____
grace,_gres_____
king,__kIng____
kind,__kAnd____
grew,_gru______
frock,_frak_____
dam,__d@m_____
fold,__fold____
grey,_gre______
youth,__yuT_____
bride,_brAd_____
stall,_stal_____
cuff,__k^f_____
dang,__d@ng____
stale,_stel_____
swerve,_sw^rv____
ranch,__r@nC____
swung,_sw^ng____
shrewd,_Srud_____
gale,__gel_____
blond,_bland____
gall,__gal_____
null,__n^l_____
lid,__lId_____
lie,__lA______
built,__bIlt____
trip,_trIp_____
trance,_tr@ns____
self,__sElf____
cave,__kev_____
couch,__kWC_____
lit,__lIt_____
moist,__mOst____
lip,__lIp_____
build,__bIld____
frail,_frel_____
veal,__vil_____
brace,_bres_____
tool,__tul_____
buff,__b^f_____
gill,__gIl_____
play,_ple______
quote,_kwot_____
flute,_flut_____
reach,__riC_____
chart,__Cart____
mosk,__mask____
tryst,_trIst____
most,__most____
yawl,__yal_____
charm,__Carm____
plan,_pl@n_____
moss,__mas_____
gilt,__gIlt____
chap,__C@p_____
seize,__siz_____
clear,_klir_____
cleat,_klit_____
naught,__nat_____
clean,_klin_____
weigh,__we______
notch,__natC____
blend,_blEnd____
golf,__galf____
gold,__gold____
fond,__fand____
sheik,__Sik_____
fink,__fInk____
freight,_fret_____
font,__fant____
fine,__fAn_____
find,__fAnd____
flesh,_flES_____
fiend,__find____
juke,__Juk_____
hip,__hIp_____
his,__hIz_____
hit,__hIt_____
scuff,_sk^f_____
strut,strut_____
hid,__hId_____
breast,_brEst____
theft,__TEft____
silk,__sIlk____
sill,__sIl_____
him,__hIm_____
huff,__h^f_____
fluff,_fl^f_____
sleeve,_sliv_____
badge,__b@J_____
cry,_krA______
cease,__sis_____
rear,__rir_____
wrote,__rot_____
sew,__so______
cramp,_kr@mp____
set,__sEt_____
art,___art____
dump,__d^mp____
jade,__Jed_____
still,_stIl_____
vine,__vAn_____
plough,_plW______
vamp,__v@mp____
see,__si______
arc,___ark____
dumb,__d^m_____
bard,__bard____
sea,__si______
close,_klos_____
bark,__bark____
arm,___arm____
prim,_prIm_____
lee,__li______
fang,__f@ng____
wow,__wW______
please,_pliz_____
woo,__wu______
won,__w^n_____
woe,__wo______
flame,_flem_____
rite,__rAt_____
nope,__nop_____
kneel,__nil_____
piss,__pIs_____
sold,__sold____
sole,__sol_____
punch,__p^nC____
wreath,__riT_____
spray,spre______
blot,_blat_____
bronze,_branz____
both,__boT_____
lass,__l@s_____
last,__l@st____
thou,__DW______
gaunt,__gant____
suede,_swed_____
buzz,__b^z_____
lash,__l@S_____
vault,__valt____
mean,__min_____
whole,__hol_____
load,__lod_____
loaf,__lof_____
bell,__bEl_____
sweet,_swit_____
loan,__lon_____
whelp,__wElp____
sweep,_swip_____
church,__C^rC____
rave,__rev_____
belt,__bElt____
filth,__fIlT____
raise,__rez_____
dun,__d^n_____
stamp,_st@mp____
damp,__d@mp____
dud,__d^d_____
due,__du______
dug,__d^g_____
ran,__r@n_____
nape,__nep_____
damn,__d@m_____
coarse,__kors____
pile,__pAl_____
brick,_brIk_____
woke,__wok_____
dame,__dem_____
firm,__f^rm____
flight,_flAt_____
gay,__ge______
buck,__b^k_____
fire,__fAr_____
torque,__tork____
wet,__wEt_____
gas,__g@s_____
grille,_grIl_____
fund,__f^nd____
gal,__g@l_____
cinch,__sInC____
gag,__g@g_____
gab,__g@b_____
funk,__f^nk____
loon,__lun_____
bile,__bAl_____
loom,__lum_____
fur,__f^r_____
look,__lUk_____
juice,__Jus_____
straight,stret_____
bill,__bIl_____
batch,__b@tC____
crutch,_kr^tC____
rope,__rop_____
pace,__pes_____
skiff,_skIf_____
match,__m@tC____
fun,__f^n_____
fleet,_flit_____
loot,__lut_____
guide,__gAd_____
loop,__lup_____
pack,__p@k_____
real,__ril_____
pound,__pWnd____
suds,__s^dz____
moth,__maT_____
rip,__rIp_____
sluice,_slus_____
rim,__rIm_____
seen,__sin_____
rig,__rIg_____
rib,__rIb_____
chase,__Ces_____
earn,___^rn____
grant,_gr@nt____
seek,__sik_____
slab,_sl@b_____
shay,__Se______
flays,_flez_____
shag,__S@g_____
grand,_gr@nd____
shah,__Sa______
swig,_swIg_____
sham,__S@m_____
blanch,_bl@nC____
itch,___ItC____
dime,__dAm_____
leapt,__lipt____
stripe,strAp_____
birch,__b^rC____
knack,__n@k_____
stack,_st@k_____
task,__t@sk____
cheek,__Cik_____
spent,_spEnt____
grind,_grAnd____
cheer,__Cir_____
edge,___EJ_____
toil,__tOl_____
moo,__mu______
spend,_spEnd____
howl,__hWl_____
coup,__ku______
chore,__Cor_____
chord,__kord____
from,_fr^m_____
salve,__s@lv____
shape,__Sep_____
stunt,_st^nt____
stalk,_stalk____
prince,_prIns____
wage,__weJ_____
cut,__k^t_____
cur,__k^r_____
cup,__k^p_____
snag,_sn@g_____
source,__sors____
cue,__kY______
cud,__k^d_____
cub,__k^b_____
snap,_sn@p_____
niece,__nis_____
bin,__bIn_____
shove,__S^v_____
squawk,skwak_____
march,__marC____
big,__bIg_____
bid,__bId_____
bib,__bIb_____
game,__gem_____
quest,_kwEst____
clout,_klWt_____
bit,__bIt_____
knock,__nak_____
spine,_spAn_____
glove,_gl^v_____
strife,strAf_____
flux,_fl^ks____
sketch,_skEtC____
wrack,__r@k_____
mauve,__mav_____
lathe,__leD_____
some,__s^m_____
back,__b@k_____
bounce,__bWns____
yolk,__yolk____
palm,__palm____
pall,__pal_____
sight,__sAt_____
pale,__pel_____
scrim,skrIm_____
scald,_skald____
scale,_skel_____
pet,__pEt_____
pelt,__pElt____
pew,__pY______
per,__p^r_____
prop,_prap_____
pen,__pEn_____
sick,__sIk_____
scalp,_sk@lp____
lard,__lard____
lark,__lark____
pee,__pi______
lime,__lAm_____
pea,__pi______
snort,_snort____
run,__r^n_____
rum,__r^m_____
rub,__r^b_____
rug,__r^g_____
rue,__ru______
step,_stEp_____
stew,_stu______
ache,___ek_____
crone,_kron_____
by,__bA______
rut,__r^t_____
shine,__SAn_____
faith,__feT_____
gnome,__nom_____
wore,__wor_____
braille,_brel_____
truck,_tr^k_____
hinge,__hInJ____
sake,__sek_____
range,__renJ____
ounce,___Wns____
block,_blak_____
skulk,_sk^lk____
watt,__wat_____
stench,_stEnC____
gouge,__gWJ_____
span,_sp@n_____
lone,__lon_____
fast,__f@st____
lode,__lod_____
lithe,__lAT_____
douse,__dWs_____
suit,__sut_____
spat,_sp@t_____
plunge,_pl^nJ____
clots,_klats____
lint,__lInt____
slump,_sl^mp____
cloth,_klaT_____
link,__lInk____
reef,__rif_____
branch,_br@nC____
crane,_kren_____
reek,__rik_____
reel,__ril_____
dull,__d^l_____
hush,__h^S_____
skull,_sk^l_____
groove,_gruv_____
dill,__dIl_____
curt,__k^rt____
camp,__k@mp____
geese,__gis_____
strand,str@nd____
haunt,__hant____
char,__Car_____
lye,__lA______
curd,__k^rd____
cure,__kYr_____
curb,__k^rb____
chaw,__Ca______
chat,__C@t_____
wove,__wov_____
curl,__k^rl____
work,__w^rk____
nab,__n@b_____
peach,__piC_____
crypt,_krIpt____
peace,__pis_____
plumb,_pl^m_____
scrape,skrep_____
nick,__nIk_____
nap,__n@p_____
naw,__na______
trait,_tret_____
forge,__forJ____
tech,__tEk_____
nay,__ne______
mock,__mak_____
nice,__nAs_____
dale,__del_____
draw,_dra______
scrub,skr^b_____
lend,__lEnd____
skit,_skIt_____
lens,__lEnz____
drag,_dr@g_____
squirm,skw^rm____
lent,__lEnt____
dram,_dr@m_____
lane,__len_____
land,__l@nd____
sore,__sor_____
scotch,_skatC____
age,___eJ_____
crease,_kris_____
feud,__fYd_____
depth,__dEpT____
floe,_flo______
broad,_brad_____
fresh,_frES_____
pyre,__pAr_____
tube,__tub_____
rinse,__rIns____
once,__w^ns____
code,__kod_____
scratch,skr@tC____
gang,__g@ng____
go,__go______
grays,_grez_____
nook,__nUk_____
suave,_swav_____
stave,_stev_____
young,__y^ng____
send,__sEnd____
shack,__S@k_____
blaze,_blez_____
breach,_briC_____
sent,__sEnt____
rag,__r@g_____
queen,_kwin_____
sage,__seJ_____
rhyme,__rAm_____
wave,__wev_____
spool,_spul_____
spoon,_spun_____
trough,_traf_____
spook,_spuk_____
spoof,_spuf_____
wipe,__wAp_____
stiff,_stIf_____
meant,__mEnt____
knight,__nAt_____
shock,__Sak_____
booze,__buz_____
hive,__hAv_____
try,_trA______
this,__DIs_____
race,__res_____
dealt,__dElt____
trout,_trWt_____
rack,__r@k_____
pledge,_plEJ_____
pleat,_plit_____
crow,_kro______
blitz,_blIts____
chomp,__Camp____
jump,__J^mp____
crook,_krUk_____
noise,__nOz_____
croon,_krun_____
booth,__buT_____
plead,_plid_____
odd,___ad_____
click,_klIk_____
folk,__folk____
poke,__pok_____
saw,__sa______
cell,__sEl_____
bird,__b^rd____
led,__lEd_____
chose,__Coz_____
stance,_st@ns____
leg,__lEg_____
stanch,_st@nC____
brooch,_bruC_____
sprung,spr^ng____
quell,_kwEl_____
sewn,__son_____
let,__lEt_____
sink,__sInk____
gloat,_glot_____
sing,__sIng____
sine,__sAn_____
great,_gret_____
chant,__C@nt____
screech,skriC_____
sword,__sord____
climb,_klAm_____
gene,__Jin_____
makes,__meks____
wig,__wIg_____
claim,_klem_____
duct,__d^kt____
win,__wIn_____
limp,__lImp____
apt,___@pt____
volt,__volt____
wit,__wIt_____
duck,__d^k_____
limb,__lIm_____
cloud,_klWd_____
ape,___ep_____
fed,__fEd_____
fee,__fi______
crap,_kr@p_____
tar,__tar_____
snoop,_snup_____
fen,__fEn_____
theme,__Tim_____
frog,_frag_____
next,__nEkst___
few,__fY______
crag,_kr@g_____
crab,_kr@b_____
save,__sev_____
cram,_kr@m_____
sort,__sort____
babe,__beb_____
porch,__porC____
tax,__t@ks____
heir,___Er_____
mend,__mEnd____
train,_tren_____
wretch,__rEtC____
thwack,_Tw@k_____
meek,__mik_____
chide,__CAd_____
pout,__pWt_____
lapse,__l@ps____
pour,__por_____
gruff,_gr^f_____
thin,__TIn_____
drill,_drIl_____
meet,__mit_____
fetch,__fEtC____
proof,_pruf_____
point,__pOnt____
wedge,__wEJ_____
slid,_slId_____
wharf,__worf____
bent,__bEnt____
pawn,__pan_____
plate,_plet_____
lock,__lak_____
slim,_slIm_____
rode,__rod_____
rapt,__r@pt____
high,__hA______
spruce,sprus_____
slit,_slIt_____
tag,__t@g_____
bend,__bEnd____
slip,_slIp_____
spa,_spa______
sought,__sat_____
tan,__t@n_____
voice,__vOs_____
skirt,_sk^rt____
rape,__rep_____
lamb,__l@m_____
mix,__mIks____
sip,__sIp_____
jape,__Jep_____
lame,__lem_____
six,__sIks____
skid,_skId_____
thrive,_TrAv_____
fete,__fet_____
swear,_swEr_____
aft,___@ft____
sin,__sIn_____
stock,_stak_____
fare,__fEr_____
thee,__Di______
sir,__s^r_____
farm,__farm____
watch,__watC____
act,___@kt____
tact,__t@kt____
tied,__tAd_____
tack,__t@k_____
wrist,__rIst____
bluff,_bl^f_____
klan,_kl@n_____
hawk,__hak_____
tongue,__t^ng____
fray,_fre______
drape,_drep_____
bind,__bAnd____
bing,__bIng____
sit,__sIt_____
budge,__b^J_____
scoop,_skup_____
chief,__Cif_____
writ,__rIt_____
rove,__rov_____
thigh,__TA______
mute,__mYt_____
move,__muv_____
mart,__mart____
strove,strov_____
quake,_kwek_____
cruise,_kruz_____
bunch,__b^nC____
glen,_glEn_____
write,__rAt_____
brood,_brud_____
whit,__wIt_____
thence,__TEns____
broom,_brum_____
glee,_gli______
brook,_brUk_____
lamp,__l@mp____
marsh,__marS____
choose,__Cuz_____
zip,__zIp_____
shy,__SA______
bye,__bA______
dad,__d@d_____
cusp,__k^sp____
crash,_kr@S_____
pure,__pYr_____
belch,__bElC____
spell,_spEl_____
dike,__dAk_____
flew,_flu______
dock,__dak_____
snake,_snek_____
kiss,__kIs_____
flea,_fli______
cage,__keJ_____
fled,_flEd_____
crass,_kr@s_____
flail,_flel_____
whir,__w^r_____
thrill,_TrIl_____
bleep,_blip_____
feast,__fist____
merge,__m^rJ____
muff,__m^f_____
fuzz,__f^z_____
mode,__mod_____
truth,_truT_____
lung,__l^ng____
tray,_tre______
flair,_flEr_____
skate,_sket_____
thwart,_Twart____
bump,__b^mp____
globe,_glob_____
our,___Wr_____
patch,__p@tC____
tenth,__tEnT____
out,___Wt_____
huck,__h^k_____
throes,_Troz_____
twice,_twAs_____
valve,__v@lv____
rev,__rEv_____
stub,_st^b_____
mate,__met_____
stud,_st^d_____
smog,_smag_____
cause,__kaz_____
czar,__zar_____
stare,_stEr_____
shut,__S^t_____
thrush,_Tr^S_____
frank,_fr@nk____
toll,__tol_____
graze,_grez_____
sod,__sad_____
york,__york____
tempt,__tEmpt___
shun,__S^n_____
van,__v@n_____
yore,__yor_____
bleed,_blid_____
quo,_kwo______
yard,__yard____
spill,_spIl_____
could,__kUd_____
put,__pUt_____
yarn,__yarn____
keep,__kip_____
keen,__kin_____
length,__lengT___
keel,__kil_____
hence,__hEns____
scare,_skEr_____
scarf,_skarf____
blown,_blon_____
scene,__sin_____
sack,__s@k_____
hey,__he______
whoop,__wup_____
bitch,__bItC____
such,__s^C_____
stump,_st^mp____
scent,__sEnt____
prank,_pr@nk____
droop,_drup_____
strict,strIkt____
laps,__l@ps____
stealth,_stElT____
grow,_gro______
wring,__rIng____
their,__DEr_____
time,__tAm_____
scant,_sk@nt____
boil,__bOl_____
beard,__bird____
shell,__SEl_____
gear,__gir_____
shelf,__SElf____
writhe,__rAD_____
feint,__fent____
vouch,__vWC_____
noun,__nWn_____
sex,__sEks____
waist,__west____
steel,_stil_____
slack,_sl@k_____
bloat,_blot_____
steed,_stid_____
beg,__bEg_____
bed,__bEd_____
bee,__bi______
psalm,__salm____
light,__lAt_____
bare,__bEr_____
steep,_stip_____
bet,__bEt_____
are,___ar_____
false,__fals____
clip,_klIp_____
fowl,__fWl_____
tide,__tAd_____
have,__h@v_____
need,__nid_____
turn,__t^rn____
she,__Si______
screw,skru______
clove,_klov_____
loupe,__lup_____
mil,__mIl_____
soak,__sok_____
bough,__bW______
mid,__mId_____
mig,__mIg_____
lilt,__lIlt____
lope,__lop_____
which,__wIC_____
chaise,__Sez_____
barn,__barn____
brand,_br@nd____
clash,_kl@S_____
who,__hu______
awn,___an_____
eight,___et_____
vise,__vAs_____
class,_kl@s_____
spleen,splin_____
urn,___^rn____
bred,_brEd_____
dent,__dEnt____
pipe,__pAp_____
brew,_bru______
skunk,_sk^nk____
fact,__f@kt____
son,__s^n_____
qualms,_kw@lmz___
kite,__kAt_____
text,__tEkst___
stove,_stov_____
crate,_kret_____
bring,_brIng____
rouge,__ruZ_____
fear,__fir_____
feat,__fit_____
brink,_brInk____
staff,_st@f_____
taps,__t@ps____
pause,__paz_____
tire,__tAr_____
hops,__haps____
jaw,__Ja______
cache,__k@S_____
jar,__Jar_____
wreak,__rik_____
rash,__r@S_____
bug,__b^g_____
jam,__J@m_____
tape,__tep_____
rasp,__r@sp____
fuel,__fYl_____
jag,__J@g_____
jab,__J@b_____
hope,__hop_____
dodge,__daJ_____
staunch,_stanC____
cube,__kYb_____
starch,_starC____
lobe,__lob_____
beau,__bo______
dope,__dop_____
rush,__r^S_____
bear,__bEr_____
joint,__JOnt____
bean,__bin_____
beak,__bik_____
bead,__bid_____
spur,_sp^r_____
gray,_gre______
course,__kors____
gust,__g^st____
stuff,_st^f_____
gush,__g^S_____
grab,_gr@b_____
fixed,__fIkst___
grad,_gr@d_____
preach,_priC_____
ebb,___Eb_____
frame,_frem_____
shake,__Sek_____
freeze,_friz_____
cole,__kol_____
brunt,_br^nt____
broach,_broC_____
state,_stet_____
sweat,_swEt_____
lug,__l^g_____
crude,_krud_____
bought,__bat_____
ken,__kEn_____
jot,__Jat_____
splurge,spl^rJ____
keg,__kEg_____
joy,__JO______
grasp,_gr@sp____
job,__Jab_____
key,__ki______
jog,__Jag_____
butte,__bYt_____
swift,_swIft____
thumb,__T^m_____
drum,_dr^m_____
sniff,_snIf_____
joke,__Jok_____
ramp,__r@mp____
grain,_gren_____
grail,_grel_____
swim,_swIm_____
puff,__p^f_____
wear,__wEr_____
vent,__vEnt____
wall,__wal_____
ships,__SIps____
walk,__walk____
laugh,__l@f_____
quit,_kwIt_____
tread,_trEd_____
yaw,__ya______
cent,__sEnt____
quiz,_kwIz_____
yam,__y@m_____
gaze,__gez_____
newt,__nut_____
yak,__y@k_____
rump,__r^mp____
waste,__west____
mike,__mAk_____
twinge,_twInJ____
bulk,__b^lk____
tense,__tEns____
bull,__bUl_____
bulb,__b^lb____
plaid,_pl@d_____
veer,__vir_____
wilt,__wIlt____
plain,_plen_____
chalk,__Calk____
fault,__falt____
frappe,_fr@p_____
groin,_grOn_____
snack,_sn@k_____
ripe,__rAp_____
flex,_flEks____
lush,__l^S_____
site,__sAt_____
lust,__l^st____
sheath,__SiT_____
prose,_proz_____
thud,__T^d_____
whore,__hor_____
whirl,__w^rl____
steer,_stir_____
veldt,__vElt____
cross,_kras_____
strange,strenJ____
flour,_flWr_____
inch,___InC____
cream,_krim_____
clothe,_kloD_____
twelfth,_twElfT___
ball,__bal_____
slave,_slev_____
dusk,__d^sk____
bale,__bel_____
bald,__bald____
beast,__bist____
fierce,__firs____
spree,spri______
rift,__rIft____
off,___af_____
well,__wEl_____
thought,__Tat_____
drone,_dron_____
welt,__wElt____
oops,___ups____
oft,___aft____
hale,__hel_____
lest,__lEst____
stout,_stWt_____
less,__lEs_____
oak,___ok_____
wren,__rEn_____
dose,__dos_____
front,_fr^nt____
glum,_gl^m_____
smash,_sm@S_____
tough,__t^f_____
rest,__rEst____
glue,_glu______
dost,__dost____
web,__wEb_____
now,__nW______
spear,_spir_____
wee,__wi______
wed,__wEd_____
flee,_fli______
drunk,_dr^nk____
sky,_skA______
lake,__lek_____
bench,__bEnC____
add,___@d_____
ade,___ed_____
crack,_kr@k_____
ought,___at_____
ski,_ski______
kick,__kIk_____
knob,__nab_____
frieze,_friz_____
boon,__bun_____
fate,__fet_____
taunt,__tant____
crux,_kr^ks____
haul,__hal_____
five,__fAv_____
know,__no______
knot,__nat_____
desk,__dEsk____
press,_prEs_____
tick,__tIk_____
pier,__pir_____
loss,__las_____
trash,_tr@S_____
crisp,_krIsp____
like,__lAk_____
lost,__last____
bulge,__b^lJ____
clown,_klWn_____
heed,__hid_____
lose,__luz_____
chick,__CIk_____
soft,__saft____
page,__peJ_____
heel,__hil_____
shed,__SEd_____
glare,_glEr_____
sleight,_slAt_____
thief,__Tif_____
hail,__hel_____
hair,__hEr_____
growth,_groT_____
flush,_fl^S_____
home,__hom_____
shrug,_Sr^g_____
trust,_tr^st____
leaf,__lif_____
shrub,_Sr^b_____
lead,__lid_____
leak,__lik_____
corpse,__korps___
lean,__lin_____
slide,_slAd_____
shone,__Son_____
stem,_stEm_____
lear,__lir_____
leap,__lip_____
does,__d^z_____
noose,__nus_____
troup,_trup_____
trap,_tr@p_____
hose,__hoz_____
slight,_slAt_____
pear,__pEr_____
mitt,__mIt_____
slant,_sl@nt____
host,__host____
slum,_sl^m_____
mite,__mAt_____
paste,__pest____
slug,_sl^g_____
swept,_swEpt____
stage,_steJ_____
throne,_Tron_____
pike,__pAk_____
throng,_Trang____
rare,__rEr_____
world,__world___
chance,__C@ns____
flake,_flek_____
surge,__s^rJ____
seeds,__sidz____
beige,__beZ_____
tomb,__tum_____
strode,strod_____
tome,__tom_____
owl,___Wl_____
own,___on_____
guard,__gard____
champ,__C@mp____
brush,_br^S_____
mere,__mir_____
muck,__m^k_____
ridge,__rIJ_____
jinx,__Jinks___
whom,__hum_____
slang,_sl@ng____
maze,__mez_____
squeal,skwil_____
chunk,__C^nk____
glib,_glIb_____
buy,__bA______
north,__norT____
shank,__S@nk____
bus,__b^s_____
coke,__kok_____
but,__b^t_____
gait,__get_____
bun,__b^n_____
gain,__gen_____
bum,__b^m_____
grate,_gret_____
ear,___ir_____
eat,___it_____
bud,__b^d_____
count,__kWnt____
made,__med_____
wise,__wAz_____
tab,__t@b_____
wish,__wIS_____
smooth,_smuD_____
flip,_flIp_____
roam,__rom_____
wisp,__wIsp____
cake,__kek_____
piece,__pis_____
what,__w^t_____
pin,__pIn_____
mask,__m@sk____
year,__yir_____
pie,__pA______
dearth,__d^rT____
pig,__pIg_____
twist,_twIst____
inn,___In_____
ink,___Ink____
pip,__pIp_____
pit,__pIt_____
letch,__lEtC____
tyme,__tAm_____
glint,_glInt____
boot,__but_____
old,___old____
book,__bUk_____
boom,__bum_____
ledge,__lEJ_____
lance,__l@ns____
junk,__J^nk____
quartz,_kwortz___
star,_star_____
draught,_dr@ft____
mulch,__m^lC____
june,__Jun_____
flange,_flenJ____
stay,_ste______
stag,_st@g_____
foil,__fOl_____
stab,_st@b_____
squeak,skwik_____
wind,__wInd____
else,___Els____
veil,__vel_____
vein,__ven_____
cliff,_klIf_____
ghost,__gost____
sphinx,_sfinks___
shunt,__S^nt____
yelp,__yElp____
bakes,__beks____
rule,__rul_____
craft,_kr@ft____
yell,__yEl_____
sash,__s@S_____
